{
	"credit": "Made with Blockbench",
	"texture_size": [48, 48],
	"textures": {
		"1": "saintpatricksset2024/animations/animation_1",
		"3": "saintpatricksset2024/backpack"
	},
	"elements": [
		{
			"from": [3, 0, 3.75],
			"to": [13, 8, 11.75],
			"rotation": {"angle": 0, "axis": "y", "origin": [8, 7, 8]},
			"faces": {
				"north": {"uv": [3.33333, 3.66667, 6.66667, 6.33333], "texture": "#3"},
				"east": {"uv": [2.66667, 6.33333, 5.33333, 9], "texture": "#3"},
				"south": {"uv": [0, 3.66667, 3.33333, 6.33333], "texture": "#3"},
				"west": {"uv": [5.33333, 6.33333, 8, 9], "texture": "#3"},
				"up": {"uv": [8, 3.33333, 5.33333, 0], "rotation": 90, "texture": "#3"},
				"down": {"uv": [2.66667, 6.33333, 0, 9.66667], "rotation": 270, "texture": "#3"}
			}
		},
		{
			"from": [3, 8, 5.75],
			"to": [13, 14, 11.75],
			"rotation": {"angle": 0, "axis": "y", "origin": [8, 7, 8]},
			"faces": {
				"north": {"uv": [8, 0, 11.33333, 2], "texture": "#3"},
				"east": {"uv": [8, 8.66667, 10, 10.66667], "texture": "#3"},
				"south": {"uv": [6.66667, 3.33333, 10, 5.33333], "texture": "#3"},
				"west": {"uv": [2.66667, 9, 4.66667, 11], "texture": "#3"},
				"up": {"uv": [10, 8.66667, 8, 5.33333], "rotation": 90, "texture": "#3"}
			}
		},
		{
			"from": [13, 1, 5.75],
			"to": [15, 5, 9.75],
			"rotation": {"angle": 0, "axis": "y", "origin": [8, 7, 8]},
			"faces": {
				"north": {"uv": [10, 4, 10.66667, 5.33333], "texture": "#3"},
				"east": {"uv": [6.33333, 9, 7.66667, 10.33333], "texture": "#3"},
				"south": {"uv": [1.66667, 9.66667, 2.33333, 11], "texture": "#3"},
				"up": {"uv": [11.33333, 6, 10, 5.33333], "rotation": 90, "texture": "#3"},
				"down": {"uv": [11.33333, 6, 10, 6.66667], "rotation": 270, "texture": "#3"}
			}
		},
		{
			"from": [1, 1, 5.75],
			"to": [3, 5, 9.75],
			"rotation": {"angle": 0, "axis": "y", "origin": [8, 7, 8]},
			"faces": {
				"north": {"uv": [10.66667, 4, 10, 5.33333], "texture": "#3"},
				"south": {"uv": [2.33333, 9.66667, 1.66667, 11], "texture": "#3"},
				"west": {"uv": [7.66667, 9, 6.33333, 10.33333], "texture": "#3"},
				"up": {"uv": [11.33333, 5.33333, 10, 6], "rotation": 90, "texture": "#3"},
				"down": {"uv": [11.33333, 6.66667, 10, 6], "rotation": 270, "texture": "#3"}
			}
		},
		{
			"from": [2.5, 6, 3.25],
			"to": [13.5, 7, 11.25],
			"rotation": {"angle": 0, "axis": "y", "origin": [8, 7, 8]},
			"faces": {
				"north": {"uv": [10, 3.66667, 13.66667, 4], "texture": "#3"},
				"east": {"uv": [10, 6.66667, 12.66667, 7], "texture": "#3"},
				"south": {"uv": [10, 3.33333, 13.66667, 3.66667], "texture": "#3"},
				"west": {"uv": [10, 7, 12.66667, 7.33333], "texture": "#3"},
				"up": {"uv": [2.66667, 3.66667, 0, 0], "rotation": 90, "texture": "#3"},
				"down": {"uv": [5.33333, 0, 2.66667, 3.66667], "rotation": 270, "texture": "#3"}
			}
		},
		{
			"from": [7.5, 6.07132, 2.75],
			"to": [8.5, 7.07132, 3.75],
			"rotation": {"angle": -45, "axis": "z", "origin": [8, 6.57132, 3.25]},
			"faces": {
				"north": {"uv": [6, 10.66667, 6.33333, 11], "texture": "#3"},
				"east": {"uv": [7.66667, 6, 8, 6.33333], "texture": "#3"},
				"west": {"uv": [5.66667, 10.66667, 6, 11], "texture": "#3"},
				"up": {"uv": [11, 8.33333, 10.66667, 8], "rotation": 90, "texture": "#3"},
				"down": {"uv": [11, 8.33333, 10.66667, 8.66667], "rotation": 270, "texture": "#3"}
			}
		},
		{
			"from": [6.92202, 6.6493, 3],
			"to": [7.92202, 7.6493, 3.5],
			"rotation": {"angle": -45, "axis": "z", "origin": [8, 6.57132, 3.25]},
			"faces": {
				"north": {"uv": [9, 10.66667, 9.33333, 11], "texture": "#3"},
				"east": {"uv": [5.66667, 11, 5.83333, 11.33333], "texture": "#3"},
				"south": {"uv": [10.66667, 8.66667, 11, 9], "texture": "#3"},
				"down": {"uv": [6.16667, 11, 6, 11.33333], "rotation": 270, "texture": "#3"}
			}
		},
		{
			"from": [5.77557, 6.29575, 3],
			"to": [6.77557, 7.29575, 3.5],
			"rotation": {"angle": -45, "axis": "z", "origin": [8.35355, 6.21777, 3.25]},
			"faces": {
				"north": {"uv": [9.33333, 10.66667, 9.66667, 11], "texture": "#3"},
				"south": {"uv": [10.66667, 9, 11, 9.33333], "texture": "#3"},
				"west": {"uv": [6.33333, 11, 6.5, 11.33333], "texture": "#3"},
				"up": {"uv": [6.83333, 11.33333, 6.66667, 11], "rotation": 90, "texture": "#3"},
				"down": {"uv": [7.16667, 11, 7, 11.33333], "rotation": 270, "texture": "#3"}
			}
		},
		{
			"from": [6.56847, 7.79575, 3],
			"to": [7.56847, 8.79575, 3.5],
			"rotation": {"angle": -45, "axis": "z", "origin": [7.64645, 6.21777, 3.25]},
			"faces": {
				"north": {"uv": [9.66667, 10.66667, 10, 11], "texture": "#3"},
				"east": {"uv": [7.33333, 11, 7.5, 11.33333], "texture": "#3"},
				"south": {"uv": [10.66667, 9.33333, 11, 9.66667], "texture": "#3"},
				"west": {"uv": [7.66667, 11, 7.83333, 11.33333], "texture": "#3"},
				"up": {"uv": [8.16667, 11.33333, 8, 11], "rotation": 90, "texture": "#3"}
			}
		},
		{
			"from": [5.73995, 5.72554, 3],
			"to": [6.73995, 6.72554, 3.5],
			"rotation": {"angle": -22.5, "axis": "z", "origin": [6.98996, 5.97554, 3.25]},
			"faces": {
				"north": {"uv": [10, 10.66667, 10.33333, 11], "texture": "#3"},
				"south": {"uv": [10.66667, 9.66667, 11, 10], "texture": "#3"},
				"west": {"uv": [11, 8, 11.16667, 8.33333], "texture": "#3"},
				"up": {"uv": [8.5, 11.33333, 8.33333, 11], "rotation": 90, "texture": "#3"},
				"down": {"uv": [11.16667, 8.33333, 11, 8.66667], "rotation": 270, "texture": "#3"}
			}
		},
		{
			"from": [6.73996, 5.72554, 3],
			"to": [7.73996, 6.72554, 3.5],
			"rotation": {"angle": -22.5, "axis": "z", "origin": [6.98996, 5.97554, 3.25]},
			"faces": {
				"north": {"uv": [10.33333, 10.66667, 10.66667, 11], "texture": "#3"},
				"east": {"uv": [8.66667, 11, 8.83333, 11.33333], "texture": "#3"},
				"south": {"uv": [10.66667, 10, 11, 10.33333], "texture": "#3"},
				"up": {"uv": [11.16667, 9, 11, 8.66667], "rotation": 90, "texture": "#3"}
			}
		},
		{
			"from": [6.73996, 4.72553, 3],
			"to": [7.73996, 5.72553, 3.5],
			"rotation": {"angle": -22.5, "axis": "z", "origin": [6.98996, 5.97554, 3.25]},
			"faces": {
				"north": {"uv": [10.66667, 10.66667, 11, 11], "texture": "#3"},
				"east": {"uv": [9, 11, 9.16667, 11.33333], "texture": "#3"},
				"south": {"uv": [10.66667, 10.33333, 11, 10.66667], "texture": "#3"},
				"west": {"uv": [11, 9, 11.16667, 9.33333], "texture": "#3"},
				"down": {"uv": [9.5, 11, 9.33333, 11.33333], "rotation": 270, "texture": "#3"}
			}
		},
		{
			"from": [8.26004, 5.72554, 3],
			"to": [9.26004, 6.72554, 3.5],
			"rotation": {"angle": 22.5, "axis": "z", "origin": [9.01004, 5.97554, 3.25]},
			"faces": {
				"north": {"uv": [2, 11, 2.33333, 11.33333], "texture": "#3"},
				"south": {"uv": [1.66667, 11, 2, 11.33333], "texture": "#3"},
				"west": {"uv": [11, 9.33333, 11.16667, 9.66667], "texture": "#3"},
				"up": {"uv": [9.83333, 11.33333, 9.66667, 11], "rotation": 90, "texture": "#3"}
			}
		},
		{
			"from": [9.26005, 5.72554, 3],
			"to": [10.26005, 6.72554, 3.5],
			"rotation": {"angle": 22.5, "axis": "z", "origin": [9.01004, 5.97554, 3.25]},
			"faces": {
				"north": {"uv": [2.66667, 11, 3, 11.33333], "texture": "#3"},
				"east": {"uv": [11, 9.66667, 11.16667, 10], "texture": "#3"},
				"south": {"uv": [2.33333, 11, 2.66667, 11.33333], "texture": "#3"},
				"up": {"uv": [10.16667, 11.33333, 10, 11], "rotation": 90, "texture": "#3"},
				"down": {"uv": [11.16667, 10, 11, 10.33333], "rotation": 270, "texture": "#3"}
			}
		},
		{
			"from": [8.26004, 4.72553, 3],
			"to": [9.26004, 5.72553, 3.5],
			"rotation": {"angle": 22.5, "axis": "z", "origin": [9.01004, 5.97554, 3.25]},
			"faces": {
				"north": {"uv": [3.33333, 11, 3.66667, 11.33333], "texture": "#3"},
				"east": {"uv": [10.33333, 11, 10.5, 11.33333], "texture": "#3"},
				"south": {"uv": [3, 11, 3.33333, 11.33333], "texture": "#3"},
				"west": {"uv": [11, 10.33333, 11.16667, 10.66667], "texture": "#3"},
				"down": {"uv": [10.83333, 11, 10.66667, 11.33333], "rotation": 270, "texture": "#3"}
			}
		},
		{
			"from": [11.5, 11.5, 3],
			"to": [14.5, 12, 6],
			"rotation": {"angle": 22.5, "axis": "z", "origin": [13, 11.0625, 4.5]},
			"faces": {
				"north": {"uv": [8, 10.66667, 9, 10.83333], "texture": "#3"},
				"east": {"uv": [4.66667, 10.66667, 5.66667, 10.83333], "texture": "#3"},
				"south": {"uv": [10.66667, 4.66667, 11.66667, 4.83333], "texture": "#3"},
				"west": {"uv": [10.66667, 5, 11.66667, 5.16667], "texture": "#3"},
				"up": {"uv": [7.66667, 6.33333, 6.66667, 5.33333], "rotation": 90, "texture": "#3"},
				"down": {"uv": [1.66667, 9.66667, 0.66667, 10.66667], "rotation": 270, "texture": "#3"}
			}
		},
		{
			"from": [12, 12, 3.5],
			"to": [14, 12.25, 5.5],
			"rotation": {"angle": 22.5, "axis": "z", "origin": [13, 11.0625, 4.5]},
			"faces": {
				"north": {"uv": [11, 4.33333, 11.66667, 4.5], "texture": "#3"},
				"east": {"uv": [3.66667, 11, 4.33333, 11.16667], "texture": "#3"},
				"south": {"uv": [11, 4, 11.66667, 4.16667], "texture": "#3"},
				"west": {"uv": [4.33333, 11, 5, 11.16667], "texture": "#3"},
				"up": {"uv": [10.66667, 8.66667, 10, 8], "rotation": 90, "texture": "#3"}
			}
		},
		{
			"from": [11.9, 9.9, 3.4],
			"to": [14.1, 11.5, 5.6],
			"rotation": {"angle": 22.5, "axis": "z", "origin": [13, 11.0625, 4.5]},
			"faces": {
				"north": {"uv": [7, 10.33333, 7.66667, 10.83333], "texture": "#3"},
				"east": {"uv": [10, 9.33333, 10.66667, 9.83333], "texture": "#3"},
				"south": {"uv": [10, 10, 10.66667, 10.5], "texture": "#3"},
				"west": {"uv": [6.33333, 10.33333, 7, 10.83333], "texture": "#3"},
				"down": {"uv": [10.66667, 8.66667, 10, 9.33333], "rotation": 270, "texture": "#3"}
			}
		},
		{
			"from": [13.75, 9.75, 3.25],
			"to": [14.25, 10.25, 3.75],
			"rotation": {"angle": 22.5, "axis": "z", "origin": [13, 11.0625, 4.5]},
			"faces": {
				"north": {"uv": [11.33333, 6, 11.5, 6.16667], "texture": "#3"},
				"east": {"uv": [5.66667, 11.33333, 5.83333, 11.5], "texture": "#3"},
				"south": {"uv": [11.33333, 5.66667, 11.5, 5.83333], "texture": "#3"},
				"west": {"uv": [6, 11.33333, 6.16667, 11.5], "texture": "#3"},
				"up": {"uv": [6.5, 11.5, 6.33333, 11.33333], "rotation": 90, "texture": "#3"},
				"down": {"uv": [11.5, 6.33333, 11.33333, 6.5], "rotation": 270, "texture": "#3"}
			}
		},
		{
			"from": [13.75, 9.75, 5.25],
			"to": [14.25, 10.25, 5.75],
			"rotation": {"angle": 22.5, "axis": "z", "origin": [13, 11.0625, 4.5]},
			"faces": {
				"north": {"uv": [7.66667, 11.33333, 7.83333, 11.5], "texture": "#3"},
				"east": {"uv": [6.66667, 11.33333, 6.83333, 11.5], "texture": "#3"},
				"south": {"uv": [7, 11.33333, 7.16667, 11.5], "texture": "#3"},
				"west": {"uv": [7.33333, 11.33333, 7.5, 11.5], "texture": "#3"},
				"up": {"uv": [8.16667, 11.5, 8, 11.33333], "rotation": 90, "texture": "#3"},
				"down": {"uv": [11.5, 8, 11.33333, 8.16667], "rotation": 270, "texture": "#3"}
			}
		},
		{
			"from": [11.75, 9.75, 3.25],
			"to": [12.25, 10.25, 3.75],
			"rotation": {"angle": 22.5, "axis": "z", "origin": [13, 11.0625, 4.5]},
			"faces": {
				"north": {"uv": [11.33333, 8.66667, 11.5, 8.83333], "texture": "#3"},
				"east": {"uv": [8.33333, 11.33333, 8.5, 11.5], "texture": "#3"},
				"south": {"uv": [11.33333, 8.33333, 11.5, 8.5], "texture": "#3"},
				"west": {"uv": [8.66667, 11.33333, 8.83333, 11.5], "texture": "#3"},
				"up": {"uv": [9.16667, 11.5, 9, 11.33333], "rotation": 90, "texture": "#3"},
				"down": {"uv": [11.5, 9, 11.33333, 9.16667], "rotation": 270, "texture": "#3"}
			}
		},
		{
			"from": [11.75, 9.75, 5.25],
			"to": [12.25, 10.25, 5.75],
			"rotation": {"angle": 22.5, "axis": "z", "origin": [13, 11.0625, 4.5]},
			"faces": {
				"north": {"uv": [11.33333, 9.66667, 11.5, 9.83333], "texture": "#3"},
				"east": {"uv": [9.33333, 11.33333, 9.5, 11.5], "texture": "#3"},
				"south": {"uv": [11.33333, 9.33333, 11.5, 9.5], "texture": "#3"},
				"west": {"uv": [9.66667, 11.33333, 9.83333, 11.5], "texture": "#3"},
				"up": {"uv": [10.16667, 11.5, 10, 11.33333], "rotation": 90, "texture": "#3"},
				"down": {"uv": [11.5, 10, 11.33333, 10.16667], "rotation": 270, "texture": "#3"}
			}
		},
		{
			"from": [14.55324, 10.89267, 3.5],
			"to": [15.55324, 11.39267, 4],
			"rotation": {"angle": 45, "axis": "z", "origin": [13, 11.0625, 4.5]},
			"faces": {
				"north": {"uv": [11, 11, 11.33333, 11.16667], "texture": "#3"},
				"east": {"uv": [10.33333, 11.33333, 10.5, 11.5], "texture": "#3"},
				"south": {"uv": [11, 10.66667, 11.33333, 10.83333], "texture": "#3"},
				"up": {"uv": [11.5, 0.33333, 11.33333, 0], "rotation": 90, "texture": "#3"},
				"down": {"uv": [11.5, 0.33333, 11.33333, 0.66667], "rotation": 270, "texture": "#3"}
			}
		},
		{
			"from": [14.55324, 10.89267, 5],
			"to": [15.55324, 11.39267, 5.5],
			"rotation": {"angle": 45, "axis": "z", "origin": [13, 11.0625, 4.5]},
			"faces": {
				"north": {"uv": [11.33333, 0.66667, 11.66667, 0.83333], "texture": "#3"},
				"east": {"uv": [11.33333, 10.33333, 11.5, 10.5], "texture": "#3"},
				"south": {"uv": [0.66667, 11.33333, 1, 11.5], "texture": "#3"},
				"up": {"uv": [1.16667, 11.66667, 1, 11.33333], "rotation": 90, "texture": "#3"},
				"down": {"uv": [11.5, 1, 11.33333, 1.33333], "rotation": 270, "texture": "#3"}
			}
		},
		{
			"from": [15.05324, 10.89267, 4],
			"to": [15.55324, 11.39267, 5],
			"rotation": {"angle": 45, "axis": "z", "origin": [13, 11.0625, 4.5]},
			"faces": {
				"east": {"uv": [1.33333, 11.33333, 1.66667, 11.5], "texture": "#3"},
				"west": {"uv": [11.33333, 1.33333, 11.66667, 1.5], "texture": "#3"},
				"up": {"uv": [2, 11.5, 1.66667, 11.33333], "rotation": 90, "texture": "#3"},
				"down": {"uv": [11.66667, 1.66667, 11.33333, 1.83333], "rotation": 270, "texture": "#3"}
			}
		},
		{
			"from": [10.44676, 10.89267, 3.5],
			"to": [11.44676, 11.39267, 4],
			"rotation": {"angle": 0, "axis": "y", "origin": [10.82176, 11.14267, 4.5]},
			"faces": {
				"north": {"uv": [2.33333, 11.33333, 2.66667, 11.5], "texture": "#3"},
				"south": {"uv": [2, 11.33333, 2.33333, 11.5], "texture": "#3"},
				"west": {"uv": [10.66667, 11.33333, 10.83333, 11.5], "texture": "#3"},
				"up": {"uv": [2.83333, 11.66667, 2.66667, 11.33333], "rotation": 90, "texture": "#3"},
				"down": {"uv": [3.16667, 11.33333, 3, 11.66667], "rotation": 270, "texture": "#3"}
			}
		},
		{
			"from": [10.44676, 10.89267, 5],
			"to": [11.44676, 11.39267, 5.5],
			"rotation": {"angle": 0, "axis": "y", "origin": [10.82176, 11.14267, 4.5]},
			"faces": {
				"north": {"uv": [3.66667, 11.33333, 4, 11.5], "texture": "#3"},
				"south": {"uv": [3.33333, 11.33333, 3.66667, 11.5], "texture": "#3"},
				"west": {"uv": [11.33333, 10.66667, 11.5, 10.83333], "texture": "#3"},
				"up": {"uv": [4.16667, 11.66667, 4, 11.33333], "rotation": 90, "texture": "#3"},
				"down": {"uv": [4.5, 11.33333, 4.33333, 11.66667], "rotation": 270, "texture": "#3"}
			}
		},
		{
			"from": [10.44676, 10.89267, 4],
			"to": [10.94676, 11.39267, 5],
			"rotation": {"angle": 0, "axis": "y", "origin": [10.82176, 11.14267, 4.5]},
			"faces": {
				"east": {"uv": [4.66667, 11.33333, 5, 11.5], "texture": "#3"},
				"west": {"uv": [5, 11.33333, 5.33333, 11.5], "texture": "#3"},
				"up": {"uv": [5.66667, 11.5, 5.33333, 11.33333], "rotation": 90, "texture": "#3"},
				"down": {"uv": [11.66667, 5.33333, 11.33333, 5.5], "rotation": 270, "texture": "#3"}
			}
		},
		{
			"from": [1.5, 11.5, 3],
			"to": [4.5, 12, 6],
			"rotation": {"angle": -22.5, "axis": "z", "origin": [3, 11.0625, 4.5]},
			"faces": {
				"north": {"uv": [9, 10.66667, 8, 10.83333], "texture": "#3"},
				"east": {"uv": [11.66667, 5, 10.66667, 5.16667], "texture": "#3"},
				"south": {"uv": [11.66667, 4.66667, 10.66667, 4.83333], "texture": "#3"},
				"west": {"uv": [5.66667, 10.66667, 4.66667, 10.83333], "texture": "#3"},
				"up": {"uv": [7.66667, 5.33333, 6.66667, 6.33333], "rotation": 90, "texture": "#3"},
				"down": {"uv": [1.66667, 10.66667, 0.66667, 9.66667], "rotation": 270, "texture": "#3"}
			}
		},
		{
			"from": [2, 12, 3.5],
			"to": [4, 12.25, 5.5],
			"rotation": {"angle": -22.5, "axis": "z", "origin": [3, 11.0625, 4.5]},
			"faces": {
				"north": {"uv": [11.66667, 4.33333, 11, 4.5], "texture": "#3"},
				"east": {"uv": [5, 11, 4.33333, 11.16667], "texture": "#3"},
				"south": {"uv": [11.66667, 4, 11, 4.16667], "texture": "#3"},
				"west": {"uv": [4.33333, 11, 3.66667, 11.16667], "texture": "#3"},
				"up": {"uv": [10.66667, 8, 10, 8.66667], "rotation": 90, "texture": "#3"}
			}
		},
		{
			"from": [1.9, 9.9, 3.4],
			"to": [4.1, 11.5, 5.6],
			"rotation": {"angle": -22.5, "axis": "z", "origin": [3, 11.0625, 4.5]},
			"faces": {
				"north": {"uv": [7.66667, 10.33333, 7, 10.83333], "texture": "#3"},
				"east": {"uv": [7, 10.33333, 6.33333, 10.83333], "texture": "#3"},
				"south": {"uv": [10.66667, 10, 10, 10.5], "texture": "#3"},
				"west": {"uv": [10.66667, 9.33333, 10, 9.83333], "texture": "#3"},
				"down": {"uv": [10.66667, 9.33333, 10, 8.66667], "rotation": 270, "texture": "#3"}
			}
		},
		{
			"from": [1.75, 9.75, 3.25],
			"to": [2.25, 10.25, 3.75],
			"rotation": {"angle": -22.5, "axis": "z", "origin": [3, 11.0625, 4.5]},
			"faces": {
				"north": {"uv": [11.5, 6, 11.33333, 6.16667], "texture": "#3"},
				"east": {"uv": [6.16667, 11.33333, 6, 11.5], "texture": "#3"},
				"south": {"uv": [11.5, 5.66667, 11.33333, 5.83333], "texture": "#3"},
				"west": {"uv": [5.83333, 11.33333, 5.66667, 11.5], "texture": "#3"},
				"up": {"uv": [6.5, 11.33333, 6.33333, 11.5], "rotation": 90, "texture": "#3"},
				"down": {"uv": [11.5, 6.5, 11.33333, 6.33333], "rotation": 270, "texture": "#3"}
			}
		},
		{
			"from": [1.75, 9.75, 5.25],
			"to": [2.25, 10.25, 5.75],
			"rotation": {"angle": -22.5, "axis": "z", "origin": [3, 11.0625, 4.5]},
			"faces": {
				"north": {"uv": [7.83333, 11.33333, 7.66667, 11.5], "texture": "#3"},
				"east": {"uv": [7.5, 11.33333, 7.33333, 11.5], "texture": "#3"},
				"south": {"uv": [7.16667, 11.33333, 7, 11.5], "texture": "#3"},
				"west": {"uv": [6.83333, 11.33333, 6.66667, 11.5], "texture": "#3"},
				"up": {"uv": [8.16667, 11.33333, 8, 11.5], "rotation": 90, "texture": "#3"},
				"down": {"uv": [11.5, 8.16667, 11.33333, 8], "rotation": 270, "texture": "#3"}
			}
		},
		{
			"from": [3.75, 9.75, 3.25],
			"to": [4.25, 10.25, 3.75],
			"rotation": {"angle": -22.5, "axis": "z", "origin": [3, 11.0625, 4.5]},
			"faces": {
				"north": {"uv": [11.5, 8.66667, 11.33333, 8.83333], "texture": "#3"},
				"east": {"uv": [8.83333, 11.33333, 8.66667, 11.5], "texture": "#3"},
				"south": {"uv": [11.5, 8.33333, 11.33333, 8.5], "texture": "#3"},
				"west": {"uv": [8.5, 11.33333, 8.33333, 11.5], "texture": "#3"},
				"up": {"uv": [9.16667, 11.33333, 9, 11.5], "rotation": 90, "texture": "#3"},
				"down": {"uv": [11.5, 9.16667, 11.33333, 9], "rotation": 270, "texture": "#3"}
			}
		},
		{
			"from": [3.75, 9.75, 5.25],
			"to": [4.25, 10.25, 5.75],
			"rotation": {"angle": -22.5, "axis": "z", "origin": [3, 11.0625, 4.5]},
			"faces": {
				"north": {"uv": [11.5, 9.66667, 11.33333, 9.83333], "texture": "#3"},
				"east": {"uv": [9.83333, 11.33333, 9.66667, 11.5], "texture": "#3"},
				"south": {"uv": [11.5, 9.33333, 11.33333, 9.5], "texture": "#3"},
				"west": {"uv": [9.5, 11.33333, 9.33333, 11.5], "texture": "#3"},
				"up": {"uv": [10.16667, 11.33333, 10, 11.5], "rotation": 90, "texture": "#3"},
				"down": {"uv": [11.5, 10.16667, 11.33333, 10], "rotation": 270, "texture": "#3"}
			}
		},
		{
			"from": [0.44676, 10.89267, 3.5],
			"to": [1.44676, 11.39267, 4],
			"rotation": {"angle": -45, "axis": "z", "origin": [3, 11.0625, 4.5]},
			"faces": {
				"north": {"uv": [11.33333, 11, 11, 11.16667], "texture": "#3"},
				"south": {"uv": [11.33333, 10.66667, 11, 10.83333], "texture": "#3"},
				"west": {"uv": [10.5, 11.33333, 10.33333, 11.5], "texture": "#3"},
				"up": {"uv": [11.5, 0, 11.33333, 0.33333], "rotation": 90, "texture": "#3"},
				"down": {"uv": [11.5, 0.66667, 11.33333, 0.33333], "rotation": 270, "texture": "#3"}
			}
		},
		{
			"from": [0.44676, 10.89267, 5],
			"to": [1.44676, 11.39267, 5.5],
			"rotation": {"angle": -45, "axis": "z", "origin": [3, 11.0625, 4.5]},
			"faces": {
				"north": {"uv": [11.66667, 0.66667, 11.33333, 0.83333], "texture": "#3"},
				"south": {"uv": [1, 11.33333, 0.66667, 11.5], "texture": "#3"},
				"west": {"uv": [11.5, 10.33333, 11.33333, 10.5], "texture": "#3"},
				"up": {"uv": [1.16667, 11.33333, 1, 11.66667], "rotation": 90, "texture": "#3"},
				"down": {"uv": [11.5, 1.33333, 11.33333, 1], "rotation": 270, "texture": "#3"}
			}
		},
		{
			"from": [0.44676, 10.89267, 4],
			"to": [0.94676, 11.39267, 5],
			"rotation": {"angle": -45, "axis": "z", "origin": [3, 11.0625, 4.5]},
			"faces": {
				"east": {"uv": [11.66667, 1.33333, 11.33333, 1.5], "texture": "#3"},
				"west": {"uv": [1.66667, 11.33333, 1.33333, 11.5], "texture": "#3"},
				"up": {"uv": [2, 11.33333, 1.66667, 11.5], "rotation": 90, "texture": "#3"},
				"down": {"uv": [11.66667, 1.83333, 11.33333, 1.66667], "rotation": 270, "texture": "#3"}
			}
		},
		{
			"from": [4.55324, 10.89267, 3.5],
			"to": [5.55324, 11.39267, 4],
			"rotation": {"angle": 0, "axis": "y", "origin": [5.17824, 11.14267, 4.5]},
			"faces": {
				"north": {"uv": [2.66667, 11.33333, 2.33333, 11.5], "texture": "#3"},
				"east": {"uv": [10.83333, 11.33333, 10.66667, 11.5], "texture": "#3"},
				"south": {"uv": [2.33333, 11.33333, 2, 11.5], "texture": "#3"},
				"up": {"uv": [2.83333, 11.33333, 2.66667, 11.66667], "rotation": 90, "texture": "#3"},
				"down": {"uv": [3.16667, 11.66667, 3, 11.33333], "rotation": 270, "texture": "#3"}
			}
		},
		{
			"from": [4.55324, 10.89267, 5],
			"to": [5.55324, 11.39267, 5.5],
			"rotation": {"angle": 0, "axis": "y", "origin": [5.17824, 11.14267, 4.5]},
			"faces": {
				"north": {"uv": [4, 11.33333, 3.66667, 11.5], "texture": "#3"},
				"east": {"uv": [11.5, 10.66667, 11.33333, 10.83333], "texture": "#3"},
				"south": {"uv": [3.66667, 11.33333, 3.33333, 11.5], "texture": "#3"},
				"up": {"uv": [4.16667, 11.33333, 4, 11.66667], "rotation": 90, "texture": "#3"},
				"down": {"uv": [4.5, 11.66667, 4.33333, 11.33333], "rotation": 270, "texture": "#3"}
			}
		},
		{
			"from": [5.05324, 10.89267, 4],
			"to": [5.55324, 11.39267, 5],
			"rotation": {"angle": 0, "axis": "y", "origin": [5.17824, 11.14267, 4.5]},
			"faces": {
				"east": {"uv": [5.33333, 11.33333, 5, 11.5], "texture": "#3"},
				"west": {"uv": [5, 11.33333, 4.66667, 11.5], "texture": "#3"},
				"up": {"uv": [5.66667, 11.33333, 5.33333, 11.5], "rotation": 90, "texture": "#3"},
				"down": {"uv": [11.66667, 5.5, 11.33333, 5.33333], "rotation": 270, "texture": "#3"}
			}
		},
		{
			"from": [2.5, 11.75266, 4.475],
			"to": [13.5, 15.75266, 4.505],
			"rotation": {"angle": 0, "axis": "y", "origin": [13.5, 11.75266, 4.475]},
			"faces": {
				"north": {"uv": [0, 13, 3.66667, 14.33333], "texture": "#3"},
				"south": {"uv": [3.66667, 13, 0, 14.33333], "texture": "#3"}
			}
		},
		{
			"from": [10.4, 6.135, 2.25],
			"to": [14.9, 6.165, 6.75],
			"rotation": {"angle": -45, "axis": "z", "origin": [13, 2.5, 3.25]},
			"faces": {
				"up": {"uv": [6.16667, 9, 4.66667, 10.5], "rotation": 270, "texture": "#3"},
				"down": {"uv": [4.66667, 9, 6.16667, 10.5], "rotation": 270, "texture": "#3"}
			}
		},
		{
			"from": [4, 7.25, 2.6],
			"to": [12, 15.25, 2.6],
			"rotation": {"angle": 0, "axis": "y", "origin": [12, 7.25, 2.6]},
			"faces": {
				"north": {"uv": [0, 0, 16, 16], "texture": "#1"}
			}
		},
		{
			"from": [9, 14, 7.75],
			"to": [10, 16, 8.75],
			"rotation": {"angle": 0, "axis": "y", "origin": [10, 14, 7.75]},
			"faces": {
				"north": {"uv": [7.66667, 9.66667, 8, 10.33333], "texture": "#3"},
				"east": {"uv": [7.66667, 5.33333, 8, 6], "texture": "#3"},
				"south": {"uv": [7.66667, 9, 8, 9.66667], "texture": "#3"},
				"west": {"uv": [2.33333, 9.66667, 2.66667, 10.33333], "texture": "#3"},
				"up": {"uv": [5.33333, 11.33333, 5, 11], "rotation": 90, "texture": "#3"}
			}
		},
		{
			"from": [6, 14, 7.75],
			"to": [7, 16, 8.75],
			"rotation": {"angle": 0, "axis": "y", "origin": [7, 14, 7.75]},
			"faces": {
				"north": {"uv": [10.66667, 4, 11, 4.66667], "texture": "#3"},
				"east": {"uv": [0.66667, 10.66667, 1, 11.33333], "texture": "#3"},
				"south": {"uv": [1, 10.66667, 1.33333, 11.33333], "texture": "#3"},
				"west": {"uv": [1.33333, 10.66667, 1.66667, 11.33333], "texture": "#3"},
				"up": {"uv": [5.66667, 11.33333, 5.33333, 11], "rotation": 90, "texture": "#3"}
			}
		},
		{
			"from": [7, 15, 7.75],
			"to": [9, 16, 8.75],
			"rotation": {"angle": 0, "axis": "y", "origin": [9, 14, 7.75]},
			"faces": {
				"north": {"uv": [6, 3.33333, 6.66667, 3.66667], "texture": "#3"},
				"south": {"uv": [5.33333, 3.33333, 6, 3.66667], "texture": "#3"},
				"up": {"uv": [2.66667, 11, 2.33333, 10.33333], "rotation": 90, "texture": "#3"},
				"down": {"uv": [8, 10.33333, 7.66667, 11], "rotation": 270, "texture": "#3"}
			}
		},
		{
			"from": [10.5, 13.97, 11.75],
			"to": [12, 14, 16.75],
			"rotation": {"angle": 0, "axis": "y", "origin": [12, 13.97, 12.75]},
			"faces": {
				"up": {"uv": [11.66667, 7.83333, 10, 7.33333], "rotation": 90, "texture": "#3"},
				"down": {"uv": [11.66667, 7.83333, 10, 7.33333], "rotation": 270, "texture": "#3"}
			}
		},
		{
			"from": [10.5, 5, 11.75],
			"to": [12, 5.03, 16.75],
			"rotation": {"angle": 0, "axis": "y", "origin": [12, 5, 12.75]},
			"faces": {
				"up": {"uv": [11.66667, 7.83333, 10, 7.33333], "rotation": 90, "texture": "#3"},
				"down": {"uv": [11.66667, 7.83333, 10, 7.33333], "rotation": 270, "texture": "#3"}
			}
		},
		{
			"from": [10.5, 5, 16.72],
			"to": [12, 14, 16.75],
			"rotation": {"angle": 0, "axis": "z", "origin": [12, 13, 16.72]},
			"faces": {
				"north": {"uv": [0.5, 9.66667, 0, 12.66667], "texture": "#3"},
				"south": {"uv": [0, 9.66667, 0.5, 12.66667], "texture": "#3"}
			}
		},
		{
			"from": [4, 13.97, 11.75],
			"to": [5.5, 14, 16.75],
			"rotation": {"angle": 0, "axis": "y", "origin": [4, 13.97, 12.75]},
			"faces": {
				"up": {"uv": [11.66667, 7.33333, 10, 7.83333], "rotation": 90, "texture": "#3"},
				"down": {"uv": [11.66667, 7.33333, 10, 7.83333], "rotation": 270, "texture": "#3"}
			}
		},
		{
			"from": [4, 5, 16.72],
			"to": [5.5, 14, 16.75],
			"rotation": {"angle": 0, "axis": "z", "origin": [4, 13, 16.72]},
			"faces": {
				"north": {"uv": [0, 9.66667, 0.5, 12.66667], "texture": "#3"},
				"south": {"uv": [0.5, 9.66667, 0, 12.66667], "texture": "#3"}
			}
		},
		{
			"from": [4, 5, 11.75],
			"to": [5.5, 5.03, 16.75],
			"rotation": {"angle": 0, "axis": "y", "origin": [4, 5, 12.75]},
			"faces": {
				"up": {"uv": [11.66667, 7.33333, 10, 7.83333], "rotation": 90, "texture": "#3"},
				"down": {"uv": [11.66667, 7.33333, 10, 7.83333], "rotation": 270, "texture": "#3"}
			}
		},
		{
			"from": [13.25, 0.75, 4],
			"to": [14.25, 3.75, 5],
			"rotation": {"angle": -22.5, "axis": "z", "origin": [13.94975, 3.48974, 4.5]},
			"faces": {
				"north": {"uv": [12.5, 0, 12.83333, 1], "texture": "#3"},
				"east": {"uv": [12.83333, 0, 13.16667, 1], "texture": "#3"},
				"south": {"uv": [12.83333, 0, 12.5, 1], "texture": "#3"},
				"west": {"uv": [12.16667, 0, 12.5, 1], "texture": "#3"},
				"up": {"uv": [12.16667, 0, 12.5, 0.33333], "rotation": 90, "texture": "#3"},
				"down": {"uv": [12.16667, 0.83333, 12.5, 0.5], "rotation": 270, "texture": "#3"}
			}
		},
		{
			"from": [13.24986, 3.48154, 4.09],
			"to": [14.06986, 5.94154, 4.91],
			"rotation": {"angle": -45, "axis": "z", "origin": [13.94975, 3.48974, 4.5]},
			"faces": {
				"north": {"uv": [13.16667, 0, 13.5, 1], "texture": "#3"},
				"east": {"uv": [13.5, 0, 13.83333, 1], "texture": "#3"},
				"south": {"uv": [13.83333, 0, 14.16667, 1], "texture": "#3"},
				"west": {"uv": [11.83333, 0, 12.16667, 1], "texture": "#3"},
				"up": {"uv": [12.16667, 1, 12.5, 1.33333], "rotation": 90, "texture": "#3"},
				"down": {"uv": [12.16667, 0, 12.5, 0.33333], "rotation": 270, "texture": "#3"}
			}
		},
		{
			"from": [1.93014, 3.48154, 4.09],
			"to": [2.75014, 5.94154, 4.91],
			"rotation": {"angle": 45, "axis": "z", "origin": [2.05025, 3.48974, 4.5]},
			"faces": {
				"north": {"uv": [13.5, 0, 13.16667, 1], "texture": "#3"},
				"east": {"uv": [12.16667, 0, 11.83333, 1], "texture": "#3"},
				"south": {"uv": [14.16667, 0, 13.83333, 1], "texture": "#3"},
				"west": {"uv": [13.83333, 0, 13.5, 1], "texture": "#3"},
				"up": {"uv": [12.16667, 1.33333, 12.5, 1], "rotation": 90, "texture": "#3"},
				"down": {"uv": [12.16667, 0.33333, 12.5, 0], "rotation": 270, "texture": "#3"}
			}
		},
		{
			"from": [1.1, 6.135, 2.25],
			"to": [5.6, 6.165, 6.75],
			"rotation": {"angle": 45, "axis": "z", "origin": [3, 2.5, 3.25]},
			"faces": {
				"up": {"uv": [6.16667, 10.5, 4.66667, 9], "rotation": 270, "texture": "#3"},
				"down": {"uv": [4.66667, 10.5, 6.16667, 9], "rotation": 270, "texture": "#3"}
			}
		},
		{
			"from": [1.75, 0.75, 4],
			"to": [2.75, 3.75, 5],
			"rotation": {"angle": 22.5, "axis": "z", "origin": [2.05025, 3.48974, 4.5]},
			"faces": {
				"north": {"uv": [12.83333, 0, 12.5, 1], "texture": "#3"},
				"east": {"uv": [12.5, 0, 12.16667, 1], "texture": "#3"},
				"south": {"uv": [12.5, 0, 12.83333, 1], "texture": "#3"},
				"west": {"uv": [13.16667, 0, 12.83333, 1], "texture": "#3"},
				"up": {"uv": [12.16667, 0.33333, 12.5, 0], "rotation": 90, "texture": "#3"},
				"down": {"uv": [12.16667, 0.5, 12.5, 0.83333], "rotation": 270, "texture": "#3"}
			}
		}
	],
	"gui_light": "front",
	"display": {
		"thirdperson_righthand": {
			"rotation": [55, 0, 0],
			"translation": [0, -2.75, -3.75],
			"scale": [0.7, 0.7, 0.7]
		},
		"thirdperson_lefthand": {
			"rotation": [67, 180, 0],
			"translation": [-5.5, -8.25, 9],
			"scale": [0.88477, 0.88477, 0.88477]
		},
		"firstperson_righthand": {
			"rotation": [-10, 180, 0],
			"translation": [1, 4.5, -1.5],
			"scale": [0.73242, 0.73242, 0.73242]
		},
		"firstperson_lefthand": {
			"rotation": [-10, 180, 0],
			"translation": [1, 4.5, -1.5],
			"scale": [0, 0, 0]
		},
		"ground": {
			"rotation": [45, 0, 0],
			"translation": [0, 5, 0],
			"scale": [0.7, 0.7, 0.7]
		},
		"gui": {
			"rotation": [35, 135, 0],
			"translation": [-0.25, -0.25, 0],
			"scale": [0.7, 0.7, 0.7]
		},
		"head": {
			"rotation": [0, 180, 0],
			"translation": [0, -15.25, 9],
			"scale": [1.5, 1.5, 1.5]
		},
		"fixed": {
			"rotation": [-90, 0, 0],
			"translation": [0, 0, -16.75],
			"scale": [2, 2, 2]
		}
	}
}