{
	"credit": "Made with Blockbench",
	"texture_size": [24, 24],
	"textures": {
		"1": "saintpatricksset2024/animations/animation_1",
		"4": "saintpatricksset2024/hammer"
	},
	"elements": [
		{
			"from": [6.25, 22.67132, 7.5],
			"to": [7.25, 23.67132, 8.5],
			"rotation": {"angle": -45, "axis": "x", "origin": [6.75, 23.17132, 8]},
			"faces": {
				"north": {"uv": [9.33333, 2.66667, 10, 3.33333], "texture": "#4"},
				"south": {"uv": [12.66667, 9.33333, 13.33333, 10], "texture": "#4"},
				"west": {"uv": [13.33333, 5.33333, 14, 6], "texture": "#4"},
				"up": {"uv": [10, 14, 9.33333, 13.33333], "texture": "#4"},
				"down": {"uv": [14, 9.33333, 13.33333, 10], "texture": "#4"}
			}
		},
		{
			"from": [6.5, 23.2493, 8.07798],
			"to": [7, 24.2493, 9.07798],
			"rotation": {"angle": -45, "axis": "x", "origin": [6.75, 23.17132, 8]},
			"faces": {
				"north": {"uv": [14, 12.66667, 14.33333, 13.33333], "texture": "#4"},
				"east": {"uv": [10.66667, 13.33333, 11.33333, 14], "texture": "#4"},
				"west": {"uv": [11.33333, 13.33333, 12, 14], "texture": "#4"},
				"down": {"uv": [13.66667, 14, 13.33333, 14.66667], "texture": "#4"}
			}
		},
		{
			"from": [6.5, 22.89575, 9.22443],
			"to": [7, 23.89575, 10.22443],
			"rotation": {"angle": -45, "axis": "x", "origin": [6.75, 22.81777, 7.64645]},
			"faces": {
				"east": {"uv": [13.33333, 11.33333, 14, 12], "texture": "#4"},
				"south": {"uv": [14, 13.33333, 14.33333, 14], "texture": "#4"},
				"west": {"uv": [12, 13.33333, 12.66667, 14], "texture": "#4"},
				"up": {"uv": [14.33333, 14.66667, 14, 14], "texture": "#4"},
				"down": {"uv": [0.33333, 14.66667, 0, 15.33333], "texture": "#4"}
			}
		},
		{
			"from": [6.5, 24.39575, 8.43153],
			"to": [7, 25.39575, 9.43153],
			"rotation": {"angle": -45, "axis": "x", "origin": [6.75, 22.81777, 8.35355]},
			"faces": {
				"north": {"uv": [14.66667, 0, 15, 0.66667], "texture": "#4"},
				"east": {"uv": [13.33333, 12, 14, 12.66667], "texture": "#4"},
				"south": {"uv": [0.66667, 14.66667, 1, 15.33333], "texture": "#4"},
				"west": {"uv": [12.66667, 13.33333, 13.33333, 14], "texture": "#4"},
				"up": {"uv": [15, 1.33333, 14.66667, 0.66667], "texture": "#4"}
			}
		},
		{
			"from": [6.5, 21.32554, 6.73996],
			"to": [7, 22.32554, 7.73996],
			"rotation": {"angle": 22.5, "axis": "x", "origin": [6.75, 22.57554, 6.98996]},
			"faces": {
				"north": {"uv": [1.33333, 14.66667, 1.66667, 15.33333], "texture": "#4"},
				"east": {"uv": [13.33333, 12.66667, 14, 13.33333], "texture": "#4"},
				"south": {"uv": [14.66667, 1.33333, 15, 2], "texture": "#4"},
				"west": {"uv": [13.33333, 13.33333, 14, 14], "texture": "#4"},
				"down": {"uv": [2.33333, 14.66667, 2, 15.33333], "texture": "#4"}
			}
		},
		{
			"from": [6.5, 22.32554, 6.73996],
			"to": [7, 23.32554, 7.73996],
			"rotation": {"angle": 22.5, "axis": "x", "origin": [6.75, 22.57554, 6.98996]},
			"faces": {
				"east": {"uv": [0, 14, 0.66667, 14.66667], "texture": "#4"},
				"south": {"uv": [14.66667, 2, 15, 2.66667], "texture": "#4"},
				"west": {"uv": [0.66667, 14, 1.33333, 14.66667], "texture": "#4"},
				"up": {"uv": [3, 15.33333, 2.66667, 14.66667], "texture": "#4"}
			}
		},
		{
			"from": [6.5, 22.32554, 5.73995],
			"to": [7, 23.32554, 6.73995],
			"rotation": {"angle": 22.5, "axis": "x", "origin": [6.75, 22.57554, 6.98996]},
			"faces": {
				"north": {"uv": [14.66667, 2.66667, 15, 3.33333], "texture": "#4"},
				"east": {"uv": [1.33333, 14, 2, 14.66667], "texture": "#4"},
				"west": {"uv": [2.66667, 14, 3.33333, 14.66667], "texture": "#4"},
				"up": {"uv": [3.66667, 15.33333, 3.33333, 14.66667], "texture": "#4"},
				"down": {"uv": [15, 3.33333, 14.66667, 4], "texture": "#4"}
			}
		},
		{
			"from": [6.5, 22.32554, 9.26005],
			"to": [7, 23.32554, 10.26005],
			"rotation": {"angle": -22.5, "axis": "x", "origin": [6.75, 22.57554, 9.01004]},
			"faces": {
				"east": {"uv": [14, 4, 14.66667, 4.66667], "texture": "#4"},
				"south": {"uv": [4, 14.66667, 4.33333, 15.33333], "texture": "#4"},
				"west": {"uv": [14, 4.66667, 14.66667, 5.33333], "texture": "#4"},
				"up": {"uv": [15, 4.66667, 14.66667, 4], "texture": "#4"},
				"down": {"uv": [5, 14.66667, 4.66667, 15.33333], "texture": "#4"}
			}
		},
		{
			"from": [6.5, 22.32554, 8.26004],
			"to": [7, 23.32554, 9.26004],
			"rotation": {"angle": -22.5, "axis": "x", "origin": [6.75, 22.57554, 9.01004]},
			"faces": {
				"north": {"uv": [14.66667, 4.66667, 15, 5.33333], "texture": "#4"},
				"east": {"uv": [14, 5.33333, 14.66667, 6], "texture": "#4"},
				"west": {"uv": [6, 14, 6.66667, 14.66667], "texture": "#4"},
				"up": {"uv": [5.66667, 15.33333, 5.33333, 14.66667], "texture": "#4"}
			}
		},
		{
			"from": [6.5, 21.32554, 8.26004],
			"to": [7, 22.32554, 9.26004],
			"rotation": {"angle": -22.5, "axis": "x", "origin": [6.75, 22.57554, 9.01004]},
			"faces": {
				"north": {"uv": [14.66667, 5.33333, 15, 6], "texture": "#4"},
				"east": {"uv": [14, 6, 14.66667, 6.66667], "texture": "#4"},
				"south": {"uv": [6, 14.66667, 6.33333, 15.33333], "texture": "#4"},
				"west": {"uv": [6.66667, 14, 7.33333, 14.66667], "texture": "#4"},
				"down": {"uv": [15, 6, 14.66667, 6.66667], "texture": "#4"}
			}
		},
		{
			"from": [8.75, 22.67132, 7.5],
			"to": [9.75, 23.67132, 8.5],
			"rotation": {"angle": -45, "axis": "x", "origin": [9.25, 23.17132, 8]},
			"faces": {
				"north": {"uv": [10, 2.66667, 9.33333, 3.33333], "texture": "#4"},
				"east": {"uv": [14, 5.33333, 13.33333, 6], "texture": "#4"},
				"south": {"uv": [13.33333, 9.33333, 12.66667, 10], "texture": "#4"},
				"up": {"uv": [9.33333, 14, 10, 13.33333], "texture": "#4"},
				"down": {"uv": [13.33333, 9.33333, 14, 10], "texture": "#4"}
			}
		},
		{
			"from": [9, 22.89575, 9.22443],
			"to": [9.5, 23.89575, 10.22443],
			"rotation": {"angle": -45, "axis": "x", "origin": [9.25, 22.81777, 7.64645]},
			"faces": {
				"east": {"uv": [12.66667, 13.33333, 12, 14], "texture": "#4"},
				"south": {"uv": [14.33333, 13.33333, 14, 14], "texture": "#4"},
				"west": {"uv": [14, 11.33333, 13.33333, 12], "texture": "#4"},
				"up": {"uv": [14, 14.66667, 14.33333, 14], "texture": "#4"},
				"down": {"uv": [0, 14.66667, 0.33333, 15.33333], "texture": "#4"}
			}
		},
		{
			"from": [9, 23.2493, 8.07798],
			"to": [9.5, 24.2493, 9.07798],
			"rotation": {"angle": -45, "axis": "x", "origin": [9.25, 23.17132, 8]},
			"faces": {
				"north": {"uv": [14.33333, 12.66667, 14, 13.33333], "texture": "#4"},
				"east": {"uv": [12, 13.33333, 11.33333, 14], "texture": "#4"},
				"west": {"uv": [11.33333, 13.33333, 10.66667, 14], "texture": "#4"},
				"down": {"uv": [13.33333, 14, 13.66667, 14.66667], "texture": "#4"}
			}
		},
		{
			"from": [9, 24.39575, 8.43153],
			"to": [9.5, 25.39575, 9.43153],
			"rotation": {"angle": -45, "axis": "x", "origin": [9.25, 22.81777, 8.35355]},
			"faces": {
				"north": {"uv": [15, 0, 14.66667, 0.66667], "texture": "#4"},
				"east": {"uv": [13.33333, 13.33333, 12.66667, 14], "texture": "#4"},
				"south": {"uv": [1, 14.66667, 0.66667, 15.33333], "texture": "#4"},
				"west": {"uv": [14, 12, 13.33333, 12.66667], "texture": "#4"},
				"up": {"uv": [14.66667, 1.33333, 15, 0.66667], "texture": "#4"}
			}
		},
		{
			"from": [9, 22.32554, 5.73995],
			"to": [9.5, 23.32554, 6.73995],
			"rotation": {"angle": 22.5, "axis": "x", "origin": [9.25, 22.57554, 6.98996]},
			"faces": {
				"north": {"uv": [15, 2.66667, 14.66667, 3.33333], "texture": "#4"},
				"east": {"uv": [3.33333, 14, 2.66667, 14.66667], "texture": "#4"},
				"west": {"uv": [2, 14, 1.33333, 14.66667], "texture": "#4"},
				"up": {"uv": [3.33333, 15.33333, 3.66667, 14.66667], "texture": "#4"},
				"down": {"uv": [14.66667, 3.33333, 15, 4], "texture": "#4"}
			}
		},
		{
			"from": [9, 22.32554, 6.73996],
			"to": [9.5, 23.32554, 7.73996],
			"rotation": {"angle": 22.5, "axis": "x", "origin": [9.25, 22.57554, 6.98996]},
			"faces": {
				"east": {"uv": [1.33333, 14, 0.66667, 14.66667], "texture": "#4"},
				"south": {"uv": [15, 2, 14.66667, 2.66667], "texture": "#4"},
				"west": {"uv": [0.66667, 14, 0, 14.66667], "texture": "#4"},
				"up": {"uv": [2.66667, 15.33333, 3, 14.66667], "texture": "#4"}
			}
		},
		{
			"from": [9, 21.32554, 6.73996],
			"to": [9.5, 22.32554, 7.73996],
			"rotation": {"angle": 22.5, "axis": "x", "origin": [9.25, 22.57554, 6.98996]},
			"faces": {
				"north": {"uv": [1.66667, 14.66667, 1.33333, 15.33333], "texture": "#4"},
				"east": {"uv": [14, 13.33333, 13.33333, 14], "texture": "#4"},
				"south": {"uv": [15, 1.33333, 14.66667, 2], "texture": "#4"},
				"west": {"uv": [14, 12.66667, 13.33333, 13.33333], "texture": "#4"},
				"down": {"uv": [2, 14.66667, 2.33333, 15.33333], "texture": "#4"}
			}
		},
		{
			"from": [9, 22.32554, 8.26004],
			"to": [9.5, 23.32554, 9.26004],
			"rotation": {"angle": -22.5, "axis": "x", "origin": [9.25, 22.57554, 9.01004]},
			"faces": {
				"north": {"uv": [15, 4.66667, 14.66667, 5.33333], "texture": "#4"},
				"east": {"uv": [6.66667, 14, 6, 14.66667], "texture": "#4"},
				"west": {"uv": [14.66667, 5.33333, 14, 6], "texture": "#4"},
				"up": {"uv": [5.33333, 15.33333, 5.66667, 14.66667], "texture": "#4"}
			}
		},
		{
			"from": [9, 22.32554, 9.26005],
			"to": [9.5, 23.32554, 10.26005],
			"rotation": {"angle": -22.5, "axis": "x", "origin": [9.25, 22.57554, 9.01004]},
			"faces": {
				"east": {"uv": [14.66667, 4.66667, 14, 5.33333], "texture": "#4"},
				"south": {"uv": [4.33333, 14.66667, 4, 15.33333], "texture": "#4"},
				"west": {"uv": [14.66667, 4, 14, 4.66667], "texture": "#4"},
				"up": {"uv": [14.66667, 4.66667, 15, 4], "texture": "#4"},
				"down": {"uv": [4.66667, 14.66667, 5, 15.33333], "texture": "#4"}
			}
		},
		{
			"from": [9, 21.32554, 8.26004],
			"to": [9.5, 22.32554, 9.26004],
			"rotation": {"angle": -22.5, "axis": "x", "origin": [9.25, 22.57554, 9.01004]},
			"faces": {
				"north": {"uv": [15, 5.33333, 14.66667, 6], "texture": "#4"},
				"east": {"uv": [7.33333, 14, 6.66667, 14.66667], "texture": "#4"},
				"south": {"uv": [6.33333, 14.66667, 6, 15.33333], "texture": "#4"},
				"west": {"uv": [14.66667, 6, 14, 6.66667], "texture": "#4"},
				"down": {"uv": [14.66667, 6, 15, 6.66667], "texture": "#4"}
			}
		},
		{
			"from": [7.35, -0.15, 7.85],
			"to": [8.65, 1.15, 9.15],
			"rotation": {"angle": -45, "axis": "x", "origin": [7.5, 0, 8]},
			"faces": {
				"north": {"uv": [4.66667, 3.33333, 5.66667, 4.33333], "texture": "#4"},
				"east": {"uv": [10.66667, 12, 11.66667, 13], "texture": "#4"},
				"south": {"uv": [12, 12, 13, 13], "texture": "#4"},
				"west": {"uv": [6.66667, 12.66667, 7.66667, 13.66667], "texture": "#4"},
				"up": {"uv": [13.66667, 9, 12.66667, 8], "texture": "#4"},
				"down": {"uv": [14.33333, 0, 13.33333, 1], "texture": "#4"}
			}
		},
		{
			"from": [7.4, 0.9, 7.4],
			"to": [8.6, 2.1, 8.6],
			"rotation": {"angle": 0, "axis": "y", "origin": [7.5, 1, 7.5]},
			"faces": {
				"north": {"uv": [14, 6.66667, 14.66667, 7.33333], "texture": "#4"},
				"east": {"uv": [7.33333, 14, 8, 14.66667], "texture": "#4"},
				"south": {"uv": [14, 7.33333, 14.66667, 8], "texture": "#4"},
				"west": {"uv": [8, 14, 8.66667, 14.66667], "texture": "#4"},
				"up": {"uv": [14.66667, 8.66667, 14, 8], "texture": "#4"}
			}
		},
		{
			"from": [7.4, 21.1, 7.4],
			"to": [8.6, 22.3, 8.6],
			"rotation": {"angle": 0, "axis": "y", "origin": [7.5, 12.2, 7.5]},
			"faces": {
				"north": {"uv": [8.66667, 14, 9.33333, 14.66667], "texture": "#4"},
				"east": {"uv": [14, 8.66667, 14.66667, 9.33333], "texture": "#4"},
				"south": {"uv": [9.33333, 14, 10, 14.66667], "texture": "#4"},
				"west": {"uv": [14, 9.33333, 14.66667, 10], "texture": "#4"}
			}
		},
		{
			"from": [7.5, 2.1, 7.5],
			"to": [8.5, 7.1, 8.5],
			"rotation": {"angle": 0, "axis": "y", "origin": [7.5, 2.1, 7.5]},
			"faces": {
				"north": {"uv": [3.33333, 10, 4, 13.33333], "texture": "#4"},
				"east": {"uv": [4, 10, 4.66667, 13.33333], "texture": "#4"},
				"south": {"uv": [4.66667, 10, 5.33333, 13.33333], "texture": "#4"},
				"west": {"uv": [10, 4.66667, 10.66667, 8], "texture": "#4"}
			}
		},
		{
			"from": [7.5, 9.1, 7.5],
			"to": [8.5, 14.1, 8.5],
			"rotation": {"angle": 0, "axis": "y", "origin": [7.5, 2.1, 7.5]},
			"faces": {
				"north": {"uv": [5.33333, 10, 6, 13.33333], "texture": "#4"},
				"east": {"uv": [10.66667, 4.66667, 11.33333, 8], "texture": "#4"},
				"south": {"uv": [10.66667, 8, 11.33333, 11.33333], "texture": "#4"},
				"west": {"uv": [2, 11.33333, 2.66667, 14.66667], "texture": "#4"}
			}
		},
		{
			"from": [7.25, 21.50711, 7.75],
			"to": [8.75, 24.00711, 10.25],
			"rotation": {"angle": -45, "axis": "x", "origin": [7.5, 21.75711, 8]},
			"faces": {
				"north": {"uv": [0, 12, 1, 13.66667], "texture": "#4"},
				"east": {"uv": [8.66667, 9.33333, 10.33333, 11], "texture": "#4"},
				"south": {"uv": [12, 0, 13, 1.66667], "texture": "#4"},
				"west": {"uv": [0, 10, 1.66667, 11.66667], "texture": "#4"},
				"up": {"uv": [13, 3.66667, 12, 2], "texture": "#4"},
				"down": {"uv": [13, 4, 12, 5.66667], "texture": "#4"}
			}
		},
		{
			"from": [7.985, -1.5, 5.75],
			"to": [8.015, 3, 10.25],
			"rotation": {"angle": 0, "axis": "y", "origin": [7.985, -1, 6.25]},
			"faces": {
				"east": {"uv": [0, 4.66667, 3, 7.66667], "texture": "#4"},
				"west": {"uv": [4.66667, 0, 7.66667, 3], "texture": "#4"}
			}
		},
		{
			"from": [7.3, 16.1, 7.3],
			"to": [8.7, 21.1, 8.7],
			"rotation": {"angle": 0, "axis": "y", "origin": [7.5, 7.1, 7.5]},
			"faces": {
				"north": {"uv": [8, 0, 9, 3.33333], "texture": "#4"},
				"east": {"uv": [2, 8, 3, 11.33333], "texture": "#4"},
				"south": {"uv": [8.66667, 3.33333, 9.66667, 6.66667], "texture": "#4"},
				"west": {"uv": [6, 8.66667, 7, 12], "texture": "#4"},
				"up": {"uv": [14.33333, 2.33333, 13.33333, 1.33333], "texture": "#4"},
				"down": {"uv": [14.33333, 2.66667, 13.33333, 3.66667], "texture": "#4"}
			}
		},
		{
			"from": [7.4, 7.1, 7.4],
			"to": [8.6, 9.1, 8.6],
			"rotation": {"angle": 0, "axis": "y", "origin": [7.5, 7.1, 7.5]},
			"faces": {
				"north": {"uv": [10, 8, 10.66667, 9.33333], "texture": "#4"},
				"east": {"uv": [9.33333, 12, 10, 13.33333], "texture": "#4"},
				"south": {"uv": [8, 12.66667, 8.66667, 14], "texture": "#4"},
				"west": {"uv": [3.33333, 13.33333, 4, 14.66667], "texture": "#4"},
				"up": {"uv": [10.66667, 14.66667, 10, 14], "texture": "#4"},
				"down": {"uv": [14.66667, 10, 14, 10.66667], "texture": "#4"}
			}
		},
		{
			"from": [7.4, 14.1, 7.4],
			"to": [8.6, 16.1, 8.6],
			"rotation": {"angle": 0, "axis": "y", "origin": [7.5, 7.1, 7.5]},
			"faces": {
				"north": {"uv": [4, 13.33333, 4.66667, 14.66667], "texture": "#4"},
				"east": {"uv": [13.33333, 4, 14, 5.33333], "texture": "#4"},
				"south": {"uv": [4.66667, 13.33333, 5.33333, 14.66667], "texture": "#4"},
				"west": {"uv": [5.33333, 13.33333, 6, 14.66667], "texture": "#4"},
				"down": {"uv": [11.33333, 14, 10.66667, 14.66667], "texture": "#4"}
			}
		},
		{
			"from": [6.1, 19, 4.25],
			"to": [6.1, 27, 12.25],
			"rotation": {"angle": 0, "axis": "y", "origin": [6.1, 19, 4.25]},
			"faces": {
				"west": {"uv": [0, 0, 16, 16], "texture": "#1"}
			}
		},
		{
			"from": [9.9, 19, 4.25],
			"to": [9.9, 27, 12.25],
			"rotation": {"angle": 0, "axis": "y", "origin": [9.9, 19, 4.25]},
			"faces": {
				"east": {"uv": [16, 0, 0, 16], "texture": "#1"}
			}
		},
		{
			"from": [8, 21.05, 3.23223],
			"to": [11, 24.05, 4.23223],
			"rotation": {"angle": 45, "axis": "z", "origin": [8, 21.05, 3.23223]},
			"faces": {
				"east": {"uv": [1.33333, 12, 2, 14], "texture": "#4"},
				"south": {"uv": [0, 8, 2, 10], "texture": "#4"},
				"west": {"uv": [6, 12, 6.66667, 14], "texture": "#4"},
				"up": {"uv": [14, 6.66667, 12, 6], "texture": "#4"},
				"down": {"uv": [8.66667, 12, 6.66667, 12.66667], "texture": "#4"}
			}
		},
		{
			"from": [8.25, 21.3, 4.23223],
			"to": [10.75, 23.8, 5.23223],
			"rotation": {"angle": 45, "axis": "z", "origin": [8, 21.05, 4.23223]},
			"faces": {
				"east": {"uv": [12, 8, 12.66667, 9.66667], "texture": "#4"},
				"south": {"uv": [10, 2.66667, 11.66667, 4.33333], "texture": "#4"},
				"west": {"uv": [8.66667, 12, 9.33333, 13.66667], "texture": "#4"},
				"up": {"uv": [13.66667, 7.33333, 12, 6.66667], "texture": "#4"},
				"down": {"uv": [13.66667, 10, 12, 10.66667], "texture": "#4"}
			}
		},
		{
			"from": [8, 20.3429, 2.23223],
			"to": [12, 24.3429, 3.23223],
			"rotation": {"angle": 45, "axis": "z", "origin": [8, 20.3429, 2.23223]},
			"faces": {
				"north": {"uv": [3.33333, 4.66667, 6, 7.33333], "texture": "#4"},
				"east": {"uv": [2.66667, 11.33333, 3.33333, 14], "texture": "#4"},
				"south": {"uv": [6, 3.33333, 8.66667, 6], "texture": "#4"},
				"west": {"uv": [11.33333, 4.66667, 12, 7.33333], "texture": "#4"},
				"up": {"uv": [10, 12, 7.33333, 11.33333], "texture": "#4"},
				"down": {"uv": [14, 7.33333, 11.33333, 8], "texture": "#4"}
			}
		},
		{
			"from": [8.25, 20.5929, 0.23223],
			"to": [11.75, 24.0929, 2.23223],
			"rotation": {"angle": 45, "axis": "z", "origin": [8, 20.3429, 0.23223]},
			"faces": {
				"east": {"uv": [8.66667, 6.66667, 10, 9], "texture": "#4"},
				"west": {"uv": [7.33333, 8.66667, 8.66667, 11], "texture": "#4"},
				"up": {"uv": [11.66667, 1.33333, 9.33333, 0], "texture": "#4"},
				"down": {"uv": [11.66667, 1.33333, 9.33333, 2.66667], "texture": "#4"}
			}
		},
		{
			"from": [8, 20.3429, -0.76777],
			"to": [12, 24.3429, 0.23223],
			"rotation": {"angle": 45, "axis": "z", "origin": [8, 20.3429, -0.76777]},
			"faces": {
				"north": {"uv": [6, 6, 8.66667, 8.66667], "texture": "#4"},
				"east": {"uv": [11.33333, 8, 12, 10.66667], "texture": "#4"},
				"south": {"uv": [3.33333, 7.33333, 6, 10], "texture": "#4"},
				"west": {"uv": [10, 11.33333, 10.66667, 14], "texture": "#4"},
				"up": {"uv": [13.33333, 12, 10.66667, 11.33333], "texture": "#4"},
				"down": {"uv": [14, 10.66667, 11.33333, 11.33333], "texture": "#4"}
			}
		},
		{
			"from": [6.58579, 22.75711, 0.73223],
			"to": [7.58579, 23.75711, 1.73223],
			"rotation": {"angle": 45, "axis": "z", "origin": [6.58579, 21.75711, 0.73223]},
			"faces": {
				"north": {"uv": [14, 10.66667, 14.66667, 11.33333], "texture": "#4"},
				"east": {"uv": [11.33333, 14, 12, 14.66667], "texture": "#4"},
				"south": {"uv": [14, 11.33333, 14.66667, 12], "texture": "#4"},
				"west": {"uv": [12, 14, 12.66667, 14.66667], "texture": "#4"},
				"up": {"uv": [14.66667, 12.66667, 14, 12], "texture": "#4"},
				"down": {"uv": [13.33333, 14, 12.66667, 14.66667], "texture": "#4"}
			}
		},
		{
			"from": [8.41421, 22.75711, 0.73223],
			"to": [9.41421, 23.75711, 1.73223],
			"rotation": {"angle": -45, "axis": "z", "origin": [9.41421, 21.75711, 0.73223]},
			"faces": {
				"north": {"uv": [14.66667, 10.66667, 14, 11.33333], "texture": "#4"},
				"east": {"uv": [12.66667, 14, 12, 14.66667], "texture": "#4"},
				"south": {"uv": [14.66667, 11.33333, 14, 12], "texture": "#4"},
				"west": {"uv": [12, 14, 11.33333, 14.66667], "texture": "#4"},
				"up": {"uv": [14, 12.66667, 14.66667, 12], "texture": "#4"},
				"down": {"uv": [12.66667, 14, 13.33333, 14.66667], "texture": "#4"}
			}
		},
		{
			"from": [8.5, 18.72158, 4.73123],
			"to": [15, 25.22158, 4.76123],
			"rotation": {"angle": 45, "axis": "z", "origin": [8, 18.22158, 4.73123]},
			"faces": {
				"north": {"uv": [0, 0, 4.33333, 4.33333], "texture": "#4"},
				"south": {"uv": [4.33333, 0, 0, 4.33333], "texture": "#4"}
			}
		},
		{
			"from": [8, 21.05, 11.76777],
			"to": [11, 24.05, 12.76777],
			"rotation": {"angle": 45, "axis": "z", "origin": [8, 21.05, 12.76777]},
			"faces": {
				"north": {"uv": [2, 8, 0, 10], "texture": "#4"},
				"east": {"uv": [2, 12, 1.33333, 14], "texture": "#4"},
				"west": {"uv": [6.66667, 12, 6, 14], "texture": "#4"},
				"up": {"uv": [14, 6, 12, 6.66667], "texture": "#4"},
				"down": {"uv": [8.66667, 12.66667, 6.66667, 12], "texture": "#4"}
			}
		},
		{
			"from": [8, 20.3429, 12.76777],
			"to": [12, 24.3429, 13.76777],
			"rotation": {"angle": 45, "axis": "z", "origin": [8, 20.3429, 13.76777]},
			"faces": {
				"north": {"uv": [8.66667, 3.33333, 6, 6], "texture": "#4"},
				"east": {"uv": [3.33333, 11.33333, 2.66667, 14], "texture": "#4"},
				"south": {"uv": [6, 4.66667, 3.33333, 7.33333], "texture": "#4"},
				"west": {"uv": [12, 4.66667, 11.33333, 7.33333], "texture": "#4"},
				"up": {"uv": [10, 11.33333, 7.33333, 12], "texture": "#4"},
				"down": {"uv": [14, 8, 11.33333, 7.33333], "texture": "#4"}
			}
		},
		{
			"from": [8, 20.3429, 15.76777],
			"to": [12, 24.3429, 16.76777],
			"rotation": {"angle": 45, "axis": "z", "origin": [8, 20.3429, 16.76777]},
			"faces": {
				"north": {"uv": [6, 7.33333, 3.33333, 10], "texture": "#4"},
				"east": {"uv": [12, 8, 11.33333, 10.66667], "texture": "#4"},
				"south": {"uv": [8.66667, 6, 6, 8.66667], "texture": "#4"},
				"west": {"uv": [10.66667, 11.33333, 10, 14], "texture": "#4"},
				"up": {"uv": [13.33333, 11.33333, 10.66667, 12], "texture": "#4"},
				"down": {"uv": [14, 11.33333, 11.33333, 10.66667], "texture": "#4"}
			}
		},
		{
			"from": [8.25, 20.5929, 13.76777],
			"to": [11.75, 24.0929, 15.76777],
			"rotation": {"angle": 45, "axis": "z", "origin": [8, 20.3429, 15.76777]},
			"faces": {
				"east": {"uv": [10, 6.66667, 8.66667, 9], "texture": "#4"},
				"west": {"uv": [8.66667, 8.66667, 7.33333, 11], "texture": "#4"},
				"up": {"uv": [11.66667, 0, 9.33333, 1.33333], "texture": "#4"},
				"down": {"uv": [11.66667, 2.66667, 9.33333, 1.33333], "texture": "#4"}
			}
		},
		{
			"from": [6.58579, 22.75711, 14.26777],
			"to": [7.58579, 23.75711, 15.26777],
			"rotation": {"angle": 45, "axis": "z", "origin": [6.58579, 21.75711, 15.26777]},
			"faces": {
				"north": {"uv": [14.66667, 11.33333, 14, 12], "texture": "#4"},
				"east": {"uv": [12, 14, 11.33333, 14.66667], "texture": "#4"},
				"south": {"uv": [14.66667, 10.66667, 14, 11.33333], "texture": "#4"},
				"west": {"uv": [12.66667, 14, 12, 14.66667], "texture": "#4"},
				"up": {"uv": [14.66667, 12, 14, 12.66667], "texture": "#4"},
				"down": {"uv": [13.33333, 14.66667, 12.66667, 14], "texture": "#4"}
			}
		},
		{
			"from": [8.25, 21.3, 10.76777],
			"to": [10.75, 23.8, 11.76777],
			"rotation": {"angle": 45, "axis": "z", "origin": [8, 21.05, 11.76777]},
			"faces": {
				"north": {"uv": [11.66667, 2.66667, 10, 4.33333], "texture": "#4"},
				"east": {"uv": [12.66667, 8, 12, 9.66667], "texture": "#4"},
				"west": {"uv": [9.33333, 12, 8.66667, 13.66667], "texture": "#4"},
				"up": {"uv": [13.66667, 6.66667, 12, 7.33333], "texture": "#4"},
				"down": {"uv": [13.66667, 10.66667, 12, 10], "texture": "#4"}
			}
		},
		{
			"from": [8.5, 18.72158, 11.23877],
			"to": [15, 25.22158, 11.26877],
			"rotation": {"angle": 45, "axis": "z", "origin": [8, 18.22158, 11.26877]},
			"faces": {
				"north": {"uv": [0, 0, 4.33333, 4.33333], "texture": "#4"},
				"south": {"uv": [4.33333, 0, 0, 4.33333], "texture": "#4"}
			}
		},
		{
			"from": [8.41421, 22.75711, 14.26777],
			"to": [9.41421, 23.75711, 15.26777],
			"rotation": {"angle": -45, "axis": "z", "origin": [9.41421, 21.75711, 15.26777]},
			"faces": {
				"north": {"uv": [14, 11.33333, 14.66667, 12], "texture": "#4"},
				"east": {"uv": [12, 14, 12.66667, 14.66667], "texture": "#4"},
				"south": {"uv": [14, 10.66667, 14.66667, 11.33333], "texture": "#4"},
				"west": {"uv": [11.33333, 14, 12, 14.66667], "texture": "#4"},
				"up": {"uv": [14, 12, 14.66667, 12.66667], "texture": "#4"},
				"down": {"uv": [12.66667, 14.66667, 13.33333, 14], "texture": "#4"}
			}
		}
	],
	"gui_light": "front",
	"display": {
		"thirdperson_righthand": {
			"translation": [0, -5.5, 1]
		},
		"thirdperson_lefthand": {
			"translation": [0, 1.25, 1]
		},
		"firstperson_righthand": {
			"rotation": [-10, 0, 0],
			"translation": [3.5, -4.5, -1.5]
		},
		"firstperson_lefthand": {
			"rotation": [-10, 0, 0],
			"translation": [3.5, -4.5, -1.5]
		},
		"ground": {
			"rotation": [-45, 0, 0],
			"translation": [0, 5, 0],
			"scale": [0.7, 0.7, 0.7]
		},
		"gui": {
			"rotation": [-90, 45, 90],
			"translation": [3.25, -3.25, 0],
			"scale": [0.7, 0.7, 0.7]
		},
		"head": {
			"rotation": [0, -90, 0]
		},
		"fixed": {
			"rotation": [0, -90, 0],
			"translation": [0, 0, -1.5],
			"scale": [2, 2, 2]
		}
	}
}