{
	"credit": "Made with Blockbench",
	"texture_size": [24, 24],
	"textures": {
		"1": "saintpatricksset2024/animations/animation_1",
		"3": "saintpatricksset2024/knife"
	},
	"elements": [
		{
			"from": [6.25, 8.67132, 7.5],
			"to": [7.25, 9.67132, 8.5],
			"rotation": {"angle": -45, "axis": "x", "origin": [6.75, 9.17132, 8]},
			"faces": {
				"north": {"uv": [7.33333, 6.66667, 8, 7.33333], "texture": "#3"},
				"south": {"uv": [6.66667, 9.33333, 7.33333, 10], "texture": "#3"},
				"west": {"uv": [9.33333, 6.66667, 10, 7.33333], "texture": "#3"},
				"up": {"uv": [8, 10, 7.33333, 9.33333], "texture": "#3"},
				"down": {"uv": [10, 7.33333, 9.33333, 8], "texture": "#3"}
			}
		},
		{
			"from": [6.5, 9.2493, 8.07798],
			"to": [7, 10.2493, 9.07798],
			"rotation": {"angle": -45, "axis": "x", "origin": [6.75, 9.17132, 8]},
			"faces": {
				"north": {"uv": [10.66667, 3.33333, 11, 4], "texture": "#3"},
				"east": {"uv": [9.33333, 8, 10, 8.66667], "texture": "#3"},
				"west": {"uv": [9.33333, 8.66667, 10, 9.33333], "texture": "#3"},
				"down": {"uv": [4.33333, 10.66667, 4, 11.33333], "texture": "#3"}
			}
		},
		{
			"from": [6.5, 8.89575, 9.22443],
			"to": [7, 9.89575, 10.22443],
			"rotation": {"angle": -45, "axis": "x", "origin": [6.75, 8.81777, 7.64645]},
			"faces": {
				"east": {"uv": [9.33333, 9.33333, 10, 10], "texture": "#3"},
				"south": {"uv": [10.66667, 4, 11, 4.66667], "texture": "#3"},
				"west": {"uv": [0, 10, 0.66667, 10.66667], "texture": "#3"},
				"up": {"uv": [5, 11.33333, 4.66667, 10.66667], "texture": "#3"},
				"down": {"uv": [11, 4.66667, 10.66667, 5.33333], "texture": "#3"}
			}
		},
		{
			"from": [6.5, 10.39575, 8.43153],
			"to": [7, 11.39575, 9.43153],
			"rotation": {"angle": -45, "axis": "x", "origin": [6.75, 8.81777, 8.35355]},
			"faces": {
				"north": {"uv": [10.66667, 5.33333, 11, 6], "texture": "#3"},
				"east": {"uv": [0.66667, 10, 1.33333, 10.66667], "texture": "#3"},
				"south": {"uv": [10.66667, 6, 11, 6.66667], "texture": "#3"},
				"west": {"uv": [1.33333, 10, 2, 10.66667], "texture": "#3"},
				"up": {"uv": [7, 11.33333, 6.66667, 10.66667], "texture": "#3"}
			}
		},
		{
			"from": [6.5, 8.32554, 9.26005],
			"to": [7, 9.32554, 10.26005],
			"rotation": {"angle": -22.5, "axis": "x", "origin": [6.75, 8.57554, 9.01004]},
			"faces": {
				"east": {"uv": [2, 10, 2.66667, 10.66667], "texture": "#3"},
				"south": {"uv": [10.66667, 6.66667, 11, 7.33333], "texture": "#3"},
				"west": {"uv": [2.66667, 10, 3.33333, 10.66667], "texture": "#3"},
				"up": {"uv": [7.66667, 11.33333, 7.33333, 10.66667], "texture": "#3"},
				"down": {"uv": [11, 7.33333, 10.66667, 8], "texture": "#3"}
			}
		},
		{
			"from": [6.5, 8.32554, 8.26004],
			"to": [7, 9.32554, 9.26004],
			"rotation": {"angle": -22.5, "axis": "x", "origin": [6.75, 8.57554, 9.01004]},
			"faces": {
				"north": {"uv": [8, 10.66667, 8.33333, 11.33333], "texture": "#3"},
				"east": {"uv": [3.33333, 10, 4, 10.66667], "texture": "#3"},
				"west": {"uv": [4, 10, 4.66667, 10.66667], "texture": "#3"},
				"up": {"uv": [11, 8.66667, 10.66667, 8], "texture": "#3"}
			}
		},
		{
			"from": [6.5, 7.32553, 8.26004],
			"to": [7, 8.32553, 9.26004],
			"rotation": {"angle": -22.5, "axis": "x", "origin": [6.75, 8.57554, 9.01004]},
			"faces": {
				"north": {"uv": [8.66667, 10.66667, 9, 11.33333], "texture": "#3"},
				"east": {"uv": [4.66667, 10, 5.33333, 10.66667], "texture": "#3"},
				"south": {"uv": [10.66667, 8.66667, 11, 9.33333], "texture": "#3"},
				"west": {"uv": [6.66667, 10, 7.33333, 10.66667], "texture": "#3"},
				"down": {"uv": [9.66667, 10.66667, 9.33333, 11.33333], "texture": "#3"}
			}
		},
		{
			"from": [6.5, 8.32554, 6.73996],
			"to": [7, 9.32554, 7.73996],
			"rotation": {"angle": 22.5, "axis": "x", "origin": [6.75, 8.57554, 6.98996]},
			"faces": {
				"east": {"uv": [10, 6.66667, 10.66667, 7.33333], "texture": "#3"},
				"south": {"uv": [10.66667, 9.33333, 11, 10], "texture": "#3"},
				"west": {"uv": [7.33333, 10, 8, 10.66667], "texture": "#3"},
				"up": {"uv": [10.33333, 11.33333, 10, 10.66667], "texture": "#3"}
			}
		},
		{
			"from": [6.5, 8.32554, 5.73995],
			"to": [7, 9.32554, 6.73995],
			"rotation": {"angle": 22.5, "axis": "x", "origin": [6.75, 8.57554, 6.98996]},
			"faces": {
				"north": {"uv": [10.66667, 10, 11, 10.66667], "texture": "#3"},
				"east": {"uv": [10, 7.33333, 10.66667, 8], "texture": "#3"},
				"west": {"uv": [8, 10, 8.66667, 10.66667], "texture": "#3"},
				"up": {"uv": [11, 11.33333, 10.66667, 10.66667], "texture": "#3"},
				"down": {"uv": [0.33333, 11.33333, 0, 12], "texture": "#3"}
			}
		},
		{
			"from": [6.5, 7.32553, 6.73996],
			"to": [7, 8.32553, 7.73996],
			"rotation": {"angle": 22.5, "axis": "x", "origin": [6.75, 8.57554, 6.98996]},
			"faces": {
				"north": {"uv": [11.33333, 0, 11.66667, 0.66667], "texture": "#3"},
				"east": {"uv": [10, 8, 10.66667, 8.66667], "texture": "#3"},
				"south": {"uv": [0.66667, 11.33333, 1, 12], "texture": "#3"},
				"west": {"uv": [8.66667, 10, 9.33333, 10.66667], "texture": "#3"},
				"down": {"uv": [11.66667, 0.66667, 11.33333, 1.33333], "texture": "#3"}
			}
		},
		{
			"from": [8.75, 8.67132, 7.5],
			"to": [9.75, 9.67132, 8.5],
			"rotation": {"angle": -45, "axis": "x", "origin": [9.25, 9.17132, 8]},
			"faces": {
				"north": {"uv": [8, 6.66667, 7.33333, 7.33333], "texture": "#3"},
				"east": {"uv": [10, 6.66667, 9.33333, 7.33333], "texture": "#3"},
				"south": {"uv": [7.33333, 9.33333, 6.66667, 10], "texture": "#3"},
				"up": {"uv": [7.33333, 10, 8, 9.33333], "texture": "#3"},
				"down": {"uv": [9.33333, 7.33333, 10, 8], "texture": "#3"}
			}
		},
		{
			"from": [9, 9.2493, 8.07798],
			"to": [9.5, 10.2493, 9.07798],
			"rotation": {"angle": -45, "axis": "x", "origin": [9.25, 9.17132, 8]},
			"faces": {
				"north": {"uv": [11, 3.33333, 10.66667, 4], "texture": "#3"},
				"east": {"uv": [10, 8.66667, 9.33333, 9.33333], "texture": "#3"},
				"west": {"uv": [10, 8, 9.33333, 8.66667], "texture": "#3"},
				"down": {"uv": [4, 10.66667, 4.33333, 11.33333], "texture": "#3"}
			}
		},
		{
			"from": [9, 8.89575, 9.22443],
			"to": [9.5, 9.89575, 10.22443],
			"rotation": {"angle": -45, "axis": "x", "origin": [9.25, 8.81777, 7.64645]},
			"faces": {
				"east": {"uv": [0.66667, 10, 0, 10.66667], "texture": "#3"},
				"south": {"uv": [11, 4, 10.66667, 4.66667], "texture": "#3"},
				"west": {"uv": [10, 9.33333, 9.33333, 10], "texture": "#3"},
				"up": {"uv": [4.66667, 11.33333, 5, 10.66667], "texture": "#3"},
				"down": {"uv": [10.66667, 4.66667, 11, 5.33333], "texture": "#3"}
			}
		},
		{
			"from": [9, 10.39575, 8.43153],
			"to": [9.5, 11.39575, 9.43153],
			"rotation": {"angle": -45, "axis": "x", "origin": [9.25, 8.81777, 8.35355]},
			"faces": {
				"north": {"uv": [11, 5.33333, 10.66667, 6], "texture": "#3"},
				"east": {"uv": [2, 10, 1.33333, 10.66667], "texture": "#3"},
				"south": {"uv": [11, 6, 10.66667, 6.66667], "texture": "#3"},
				"west": {"uv": [1.33333, 10, 0.66667, 10.66667], "texture": "#3"},
				"up": {"uv": [6.66667, 11.33333, 7, 10.66667], "texture": "#3"}
			}
		},
		{
			"from": [9, 8.32554, 9.26005],
			"to": [9.5, 9.32554, 10.26005],
			"rotation": {"angle": -22.5, "axis": "x", "origin": [9.25, 8.57554, 9.01004]},
			"faces": {
				"east": {"uv": [3.33333, 10, 2.66667, 10.66667], "texture": "#3"},
				"south": {"uv": [11, 6.66667, 10.66667, 7.33333], "texture": "#3"},
				"west": {"uv": [2.66667, 10, 2, 10.66667], "texture": "#3"},
				"up": {"uv": [7.33333, 11.33333, 7.66667, 10.66667], "texture": "#3"},
				"down": {"uv": [10.66667, 7.33333, 11, 8], "texture": "#3"}
			}
		},
		{
			"from": [9, 8.32554, 8.26004],
			"to": [9.5, 9.32554, 9.26004],
			"rotation": {"angle": -22.5, "axis": "x", "origin": [9.25, 8.57554, 9.01004]},
			"faces": {
				"north": {"uv": [8.33333, 10.66667, 8, 11.33333], "texture": "#3"},
				"east": {"uv": [4.66667, 10, 4, 10.66667], "texture": "#3"},
				"west": {"uv": [4, 10, 3.33333, 10.66667], "texture": "#3"},
				"up": {"uv": [10.66667, 8.66667, 11, 8], "texture": "#3"}
			}
		},
		{
			"from": [9, 7.32553, 8.26004],
			"to": [9.5, 8.32553, 9.26004],
			"rotation": {"angle": -22.5, "axis": "x", "origin": [9.25, 8.57554, 9.01004]},
			"faces": {
				"north": {"uv": [9, 10.66667, 8.66667, 11.33333], "texture": "#3"},
				"east": {"uv": [7.33333, 10, 6.66667, 10.66667], "texture": "#3"},
				"south": {"uv": [11, 8.66667, 10.66667, 9.33333], "texture": "#3"},
				"west": {"uv": [5.33333, 10, 4.66667, 10.66667], "texture": "#3"},
				"down": {"uv": [9.33333, 10.66667, 9.66667, 11.33333], "texture": "#3"}
			}
		},
		{
			"from": [9, 8.32554, 6.73996],
			"to": [9.5, 9.32554, 7.73996],
			"rotation": {"angle": 22.5, "axis": "x", "origin": [9.25, 8.57554, 6.98996]},
			"faces": {
				"east": {"uv": [8, 10, 7.33333, 10.66667], "texture": "#3"},
				"south": {"uv": [11, 9.33333, 10.66667, 10], "texture": "#3"},
				"west": {"uv": [10.66667, 6.66667, 10, 7.33333], "texture": "#3"},
				"up": {"uv": [10, 11.33333, 10.33333, 10.66667], "texture": "#3"}
			}
		},
		{
			"from": [9, 8.32554, 5.73995],
			"to": [9.5, 9.32554, 6.73995],
			"rotation": {"angle": 22.5, "axis": "x", "origin": [9.25, 8.57554, 6.98996]},
			"faces": {
				"north": {"uv": [11, 10, 10.66667, 10.66667], "texture": "#3"},
				"east": {"uv": [8.66667, 10, 8, 10.66667], "texture": "#3"},
				"west": {"uv": [10.66667, 7.33333, 10, 8], "texture": "#3"},
				"up": {"uv": [10.66667, 11.33333, 11, 10.66667], "texture": "#3"},
				"down": {"uv": [0, 11.33333, 0.33333, 12], "texture": "#3"}
			}
		},
		{
			"from": [9, 7.32553, 6.73996],
			"to": [9.5, 8.32553, 7.73996],
			"rotation": {"angle": 22.5, "axis": "x", "origin": [9.25, 8.57554, 6.98996]},
			"faces": {
				"north": {"uv": [11.66667, 0, 11.33333, 0.66667], "texture": "#3"},
				"east": {"uv": [9.33333, 10, 8.66667, 10.66667], "texture": "#3"},
				"south": {"uv": [1, 11.33333, 0.66667, 12], "texture": "#3"},
				"west": {"uv": [10.66667, 8, 10, 8.66667], "texture": "#3"},
				"down": {"uv": [11.33333, 0.66667, 11.66667, 1.33333], "texture": "#3"}
			}
		},
		{
			"from": [7.35, -0.15, 7.85],
			"to": [8.65, 1.15, 9.15],
			"rotation": {"angle": -45, "axis": "x", "origin": [7.5, 0, 8]},
			"faces": {
				"north": {"uv": [8, 6, 9, 7], "texture": "#3"},
				"east": {"uv": [8, 7.33333, 9, 8.33333], "texture": "#3"},
				"south": {"uv": [8, 8.66667, 9, 9.66667], "texture": "#3"},
				"west": {"uv": [9.33333, 0, 10.33333, 1], "texture": "#3"},
				"up": {"uv": [10.33333, 2.33333, 9.33333, 1.33333], "texture": "#3"},
				"down": {"uv": [10.33333, 2.66667, 9.33333, 3.66667], "texture": "#3"}
			}
		},
		{
			"from": [7.4, 0.9, 7.4],
			"to": [8.6, 2.1, 8.6],
			"rotation": {"angle": 0, "axis": "y", "origin": [7.5, 1, 7.5]},
			"faces": {
				"north": {"uv": [10, 8.66667, 10.66667, 9.33333], "texture": "#3"},
				"east": {"uv": [9.33333, 10, 10, 10.66667], "texture": "#3"},
				"south": {"uv": [10, 9.33333, 10.66667, 10], "texture": "#3"},
				"west": {"uv": [10, 10, 10.66667, 10.66667], "texture": "#3"},
				"up": {"uv": [0.66667, 11.33333, 0, 10.66667], "texture": "#3"}
			}
		},
		{
			"from": [7.4, 7.1, 7.4],
			"to": [8.6, 8.3, 8.6],
			"rotation": {"angle": 0, "axis": "y", "origin": [7.5, 7.2, 7.5]},
			"faces": {
				"north": {"uv": [10.66667, 0, 11.33333, 0.66667], "texture": "#3"},
				"east": {"uv": [0.66667, 10.66667, 1.33333, 11.33333], "texture": "#3"},
				"south": {"uv": [10.66667, 0.66667, 11.33333, 1.33333], "texture": "#3"},
				"west": {"uv": [1.33333, 10.66667, 2, 11.33333], "texture": "#3"},
				"down": {"uv": [11.33333, 1.33333, 10.66667, 2], "texture": "#3"}
			}
		},
		{
			"from": [7.5, 2.1, 7.5],
			"to": [8.5, 7.1, 8.5],
			"rotation": {"angle": 0, "axis": "y", "origin": [7.5, 2.1, 7.5]},
			"faces": {
				"north": {"uv": [6, 0, 6.66667, 3.33333], "texture": "#3"},
				"east": {"uv": [6.66667, 0, 7.33333, 3.33333], "texture": "#3"},
				"south": {"uv": [7.33333, 0, 8, 3.33333], "texture": "#3"},
				"west": {"uv": [7.33333, 3.33333, 8, 6.66667], "texture": "#3"}
			}
		},
		{
			"from": [7.25, 7.50711, 7.75],
			"to": [8.75, 10.00711, 10.25],
			"rotation": {"angle": -45, "axis": "x", "origin": [7.5, 7.75711, 8]},
			"faces": {
				"north": {"uv": [6.66667, 7.33333, 7.66667, 9], "texture": "#3"},
				"east": {"uv": [5.33333, 3.33333, 7, 5], "texture": "#3"},
				"south": {"uv": [8, 0, 9, 1.66667], "texture": "#3"},
				"west": {"uv": [5.33333, 5.33333, 7, 7], "texture": "#3"},
				"up": {"uv": [9, 3.66667, 8, 2], "texture": "#3"},
				"down": {"uv": [9, 4, 8, 5.66667], "texture": "#3"}
			}
		},
		{
			"from": [7.775, 9.00119, 7],
			"to": [8.225, 19.00119, 9],
			"rotation": {"angle": 0, "axis": "y", "origin": [7.5, 12.40119, 9]},
			"faces": {
				"north": {"uv": [5.33333, 7.33333, 5.66667, 14], "texture": "#3"},
				"east": {"uv": [12, 3.66667, 13.33333, 10.33333], "texture": "#3"},
				"south": {"uv": [6, 7.33333, 6.33333, 14], "texture": "#3"},
				"west": {"uv": [13.33333, 3.66667, 14.66667, 10.33333], "texture": "#3"}
			}
		},
		{
			"from": [7.7725, 18.00063, 8],
			"to": [8.2275, 19.41563, 9.415],
			"rotation": {"angle": -45, "axis": "x", "origin": [7.4975, 18.00063, 8]},
			"faces": {
				"north": {"uv": [2, 10.66667, 2.33333, 11.66667], "texture": "#3"},
				"east": {"uv": [9.33333, 4, 10.33333, 5], "texture": "#3"},
				"south": {"uv": [10.66667, 2, 11, 3], "texture": "#3"},
				"west": {"uv": [9.33333, 5.33333, 10.33333, 6.33333], "texture": "#3"},
				"up": {"uv": [3, 11.66667, 2.66667, 10.66667], "texture": "#3"},
				"down": {"uv": [3.66667, 10.66667, 3.33333, 11.66667], "texture": "#3"}
			}
		},
		{
			"from": [7.985, 9.5, 6],
			"to": [8.015, 24, 10],
			"rotation": {"angle": 0, "axis": "y", "origin": [7.985, 10, 4.25]},
			"faces": {
				"east": {"uv": [2.66667, 0, 0, 9.66667], "texture": "#3"},
				"west": {"uv": [0, 0, 2.66667, 9.66667], "texture": "#3"}
			}
		},
		{
			"from": [7.985, -1.5, 5.75],
			"to": [8.015, 3, 10.25],
			"rotation": {"angle": 0, "axis": "y", "origin": [7.985, -1, 6.25]},
			"faces": {
				"east": {"uv": [15, 0, 12, 3], "texture": "#3"},
				"west": {"uv": [12, 0, 15, 3], "texture": "#3"}
			}
		},
		{
			"from": [6.1, 5, 4.25],
			"to": [6.1, 13, 12.25],
			"rotation": {"angle": 0, "axis": "y", "origin": [6.1, 5, 4.25]},
			"faces": {
				"west": {"uv": [0, 0, 16, 16], "texture": "#1"}
			}
		},
		{
			"from": [9.9, 5, 4.25],
			"to": [9.9, 13, 12.25],
			"rotation": {"angle": 0, "axis": "y", "origin": [9.9, 5, 4.25]},
			"faces": {
				"east": {"uv": [16, 0, 0, 16], "texture": "#1"}
			}
		}
	],
	"gui_light": "front",
	"display": {
		"thirdperson_righthand": {
			"translation": [0, 0.75, 1]
		},
		"thirdperson_lefthand": {
			"translation": [0, 0.75, 1]
		},
		"firstperson_righthand": {
			"rotation": [-10, 0, 0],
			"translation": [1, -0.25, -1.5]
		},
		"firstperson_lefthand": {
			"rotation": [-10, 0, 0],
			"translation": [1, -0.25, -1.5]
		},
		"ground": {
			"rotation": [-45, 0, 0],
			"translation": [0, 5, 0],
			"scale": [0.7, 0.7, 0.7]
		},
		"gui": {
			"rotation": [-90, 45, 90],
			"translation": [1.25, -1.25, 0],
			"scale": [0.7, 0.7, 0.7]
		},
		"head": {
			"rotation": [0, -90, 0]
		},
		"fixed": {
			"rotation": [0, -90, 0],
			"translation": [0, 0, -1.5],
			"scale": [2, 2, 2]
		}
	}
}