{
	"credit": "Made with Blockbench",
	"texture_size": [32, 32],
	"textures": {
		"1": "saintpatricksset2024/wings",
		"2": "saintpatricksset2024/animations/animation_1",
		"particle": "saintpatricksset2024/animations/animation_1"
	},
	"elements": [
		{
			"from": [7.8694, -6.99869, 9.78845],
			"to": [15.8694, 1.00131, 9.80346],
			"rotation": {"angle": -22.5, "axis": "y", "origin": [12.8694, -6.99869, 9.78845]},
			"faces": {
				"north": {"uv": [0, 0, 8, 8], "texture": "#1"},
				"south": {"uv": [8, 0, 0, 8], "texture": "#1"}
			}
		},
		{
			"from": [8.25, -13.2513, 9.11876],
			"to": [14.75, -6.7513, 9.13376],
			"rotation": {"angle": -22.5, "axis": "x", "origin": [11.5, -10.0013, 9.11876]},
			"faces": {
				"north": {"uv": [0, 8.5, 6.5, 15], "texture": "#1"},
				"south": {"uv": [6.5, 8.5, 0, 15], "texture": "#1"}
			}
		},
		{
			"from": [0.1306, -6.99869, 9.78845],
			"to": [8.1306, 1.00131, 9.80346],
			"rotation": {"angle": 22.5, "axis": "y", "origin": [3.1306, -6.99869, 9.78845]},
			"faces": {
				"north": {"uv": [8, 0, 0, 8], "texture": "#1"},
				"south": {"uv": [0, 0, 8, 8], "texture": "#1"}
			}
		},
		{
			"from": [1.25, -13.2513, 9.11876],
			"to": [7.75, -6.7513, 9.13376],
			"rotation": {"angle": -22.5, "axis": "x", "origin": [4.5, -10.0013, 9.11876]},
			"faces": {
				"north": {"uv": [6.5, 8.5, 0, 15], "texture": "#1"},
				"south": {"uv": [0, 8.5, 6.5, 15], "texture": "#1"}
			}
		},
		{
			"from": [8.125, -8.28921, 7.75],
			"to": [9.875, -6.53921, 8.25],
			"rotation": {"angle": 45, "axis": "z", "origin": [8, -8.41421, 7.75]},
			"faces": {
				"north": {"uv": [8.5, 0.5, 10.25, 2.25], "texture": "#1"},
				"east": {"uv": [9.5, 8.5, 10, 10.25], "texture": "#1"},
				"south": {"uv": [8.5, 2.5, 10.25, 4.25], "texture": "#1"},
				"west": {"uv": [10, 4.5, 10.5, 6.25], "texture": "#1"},
				"up": {"uv": [11.75, 7, 10, 6.5], "texture": "#1"},
				"down": {"uv": [8.75, 10, 7, 10.5], "texture": "#1"}
			}
		},
		{
			"from": [8.375, -8.03921, 7.5],
			"to": [9.625, -6.78921, 8.5],
			"rotation": {"angle": 45, "axis": "z", "origin": [8, -8.41421, 7.75]},
			"faces": {
				"north": {"uv": [8.5, 4.5, 9.75, 5.75], "texture": "#1"},
				"east": {"uv": [7, 8.5, 8, 9.75], "texture": "#1"},
				"south": {"uv": [8.5, 6, 9.75, 7.25], "texture": "#1"},
				"west": {"uv": [8.5, 7.5, 9.5, 8.75], "texture": "#1"},
				"up": {"uv": [9.25, 10, 8, 9], "texture": "#1"},
				"down": {"uv": [10.75, 7.5, 9.5, 8.5], "texture": "#1"}
			}
		},
		{
			"from": [10.675, -4.625, 8.875],
			"to": [14.675, -0.625, 8.875],
			"rotation": {"angle": -22.5, "axis": "y", "origin": [12.05, -3.5, 8.125]},
			"faces": {
				"north": {"uv": [0, 0, 16, 16], "texture": "#2"}
			}
		},
		{
			"from": [10.675, -4.625, 9.875],
			"to": [14.675, -0.625, 9.875],
			"rotation": {"angle": -22.5, "axis": "y", "origin": [12.05, -3.5, 8.125]},
			"faces": {
				"south": {"uv": [0, 0, 16, 16], "texture": "#2"}
			}
		},
		{
			"from": [1.325, -4.625, 9.875],
			"to": [5.325, -0.625, 9.875],
			"rotation": {"angle": 22.5, "axis": "y", "origin": [3.95, -3.5, 8.125]},
			"faces": {
				"south": {"uv": [16, 0, 0, 16], "texture": "#2"}
			}
		},
		{
			"from": [9.75, -11.99284, 8.54317],
			"to": [13.75, -7.99284, 8.54317],
			"rotation": {"angle": -22.5, "axis": "x", "origin": [9.625, -9.36784, 9.66817]},
			"faces": {
				"north": {"uv": [0, 0, 16, 16], "texture": "#2"}
			}
		},
		{
			"from": [9.75, -11.99284, 9.29317],
			"to": [13.75, -7.99284, 9.29317],
			"rotation": {"angle": -22.5, "axis": "x", "origin": [9.625, -9.36784, 9.66817]},
			"faces": {
				"south": {"uv": [0, 0, 16, 16], "texture": "#2"}
			}
		},
		{
			"from": [2.25, -11.99284, 9.29317],
			"to": [6.25, -7.99284, 9.29317],
			"rotation": {"angle": -22.5, "axis": "x", "origin": [6.375, -9.36784, 9.66817]},
			"faces": {
				"south": {"uv": [16, 0, 0, 16], "texture": "#2"}
			}
		},
		{
			"from": [2.25, -11.99284, 8.54317],
			"to": [6.25, -7.99284, 8.54317],
			"rotation": {"angle": -22.5, "axis": "x", "origin": [6.375, -9.36784, 9.66817]},
			"faces": {
				"north": {"uv": [16, 0, 0, 16], "texture": "#2"}
			}
		},
		{
			"from": [1.325, -4.625, 8.875],
			"to": [5.325, -0.625, 8.875],
			"rotation": {"angle": 22.5, "axis": "y", "origin": [3.95, -3.5, 8.125]},
			"faces": {
				"north": {"uv": [16, 0, 0, 16], "texture": "#2"}
			}
		}
	],
	"gui_light": "front",
	"display": {
		"thirdperson_righthand": {
			"rotation": [-137.5, 0, -180],
			"translation": [0, 1.25, 0.25],
			"scale": [0.7, 0.7, 0.7]
		},
		"thirdperson_lefthand": {
			"rotation": [67.25, 0, 0],
			"translation": [-5.5, -6.75, 10.25],
			"scale": [1.1, 1.1, 1.1]
		},
		"firstperson_righthand": {
			"rotation": [-26, 180, 0],
			"translation": [1.25, 1.75, 1.5],
			"scale": [0.67773, 0.67773, 0.67773]
		},
		"firstperson_lefthand": {
			"rotation": [-26, 180, 0],
			"translation": [1.25, 1.75, 1.5],
			"scale": [0, 0, 0]
		},
		"ground": {
			"rotation": [-45, 0, 0],
			"translation": [0, 5, 0]
		},
		"gui": {
			"rotation": [0, 180, 0],
			"translation": [0, 9.25, 0],
			"scale": [0.58984, 0.58984, 0.58984]
		},
		"head": {
			"translation": [0, -51.25, 7.25],
			"scale": [4, 4, 4]
		},
		"fixed": {
			"rotation": [0, 180, 0],
			"translation": [0, 4, -2.25],
			"scale": [2, 2, 2]
		}
	}
}