{
	"credit": "Made with Blockbench",
	"texture_size": [48, 48],
	"textures": {
		"1": "saintpatricksset2024:animations/animation_1",
		"3": "saintpatricksset2024:backpack"
	},
	"elements": [
		{
			"from": [5.5, -14, 5.875],
			"to": [10.5, -10, 9.875],
			"rotation": {"angle": 0, "axis": "y", "origin": [8, -10.5, 8]},
			"faces": {
				"north": {"uv": [3.33333, 3.66667, 6.66667, 6.33333], "texture": "#3"},
				"east": {"uv": [2.66667, 6.33333, 5.33333, 9], "texture": "#3"},
				"south": {"uv": [0, 3.66667, 3.33333, 6.33333], "texture": "#3"},
				"west": {"uv": [5.33333, 6.33333, 8, 9], "texture": "#3"},
				"up": {"uv": [8, 3.33333, 5.33333, 0], "rotation": 90, "texture": "#3"},
				"down": {"uv": [2.66667, 6.33333, 0, 9.66667], "rotation": 270, "texture": "#3"}
			}
		},
		{
			"from": [5.5, -10, 6.875],
			"to": [10.5, -7, 9.875],
			"rotation": {"angle": 0, "axis": "y", "origin": [8, -10.5, 8]},
			"faces": {
				"north": {"uv": [8, 0, 11.33333, 2], "texture": "#3"},
				"east": {"uv": [8, 8.66667, 10, 10.66667], "texture": "#3"},
				"south": {"uv": [6.66667, 3.33333, 10, 5.33333], "texture": "#3"},
				"west": {"uv": [2.66667, 9, 4.66667, 11], "texture": "#3"},
				"up": {"uv": [10, 8.66667, 8, 5.33333], "rotation": 90, "texture": "#3"}
			}
		},
		{
			"from": [10.5, -13.5, 6.875],
			"to": [11.5, -11.5, 8.875],
			"rotation": {"angle": 0, "axis": "y", "origin": [8, -10.5, 8]},
			"faces": {
				"north": {"uv": [10, 4, 10.66667, 5.33333], "texture": "#3"},
				"east": {"uv": [6.33333, 9, 7.66667, 10.33333], "texture": "#3"},
				"south": {"uv": [1.66667, 9.66667, 2.33333, 11], "texture": "#3"},
				"up": {"uv": [11.33333, 6, 10, 5.33333], "rotation": 90, "texture": "#3"},
				"down": {"uv": [11.33333, 6, 10, 6.66667], "rotation": 270, "texture": "#3"}
			}
		},
		{
			"from": [4.5, -13.5, 6.875],
			"to": [5.5, -11.5, 8.875],
			"rotation": {"angle": 0, "axis": "y", "origin": [8, -10.5, 8]},
			"faces": {
				"north": {"uv": [10.66667, 4, 10, 5.33333], "texture": "#3"},
				"south": {"uv": [2.33333, 9.66667, 1.66667, 11], "texture": "#3"},
				"west": {"uv": [7.66667, 9, 6.33333, 10.33333], "texture": "#3"},
				"up": {"uv": [11.33333, 5.33333, 10, 6], "rotation": 90, "texture": "#3"},
				"down": {"uv": [11.33333, 6.66667, 10, 6], "rotation": 270, "texture": "#3"}
			}
		},
		{
			"from": [5.25, -11, 5.625],
			"to": [10.75, -10.5, 9.625],
			"rotation": {"angle": 0, "axis": "y", "origin": [8, -10.5, 8]},
			"faces": {
				"north": {"uv": [10, 3.66667, 13.66667, 4], "texture": "#3"},
				"east": {"uv": [10, 6.66667, 12.66667, 7], "texture": "#3"},
				"south": {"uv": [10, 3.33333, 13.66667, 3.66667], "texture": "#3"},
				"west": {"uv": [10, 7, 12.66667, 7.33333], "texture": "#3"},
				"up": {"uv": [2.66667, 3.66667, 0, 0], "rotation": 90, "texture": "#3"},
				"down": {"uv": [5.33333, 0, 2.66667, 3.66667], "rotation": 270, "texture": "#3"}
			}
		},
		{
			"from": [7.75, -10.96434, 5.375],
			"to": [8.25, -10.46434, 5.875],
			"rotation": {"angle": -45, "axis": "z", "origin": [8, -10.71434, 5.625]},
			"faces": {
				"north": {"uv": [6, 10.66667, 6.33333, 11], "texture": "#3"},
				"east": {"uv": [7.66667, 6, 8, 6.33333], "texture": "#3"},
				"west": {"uv": [5.66667, 10.66667, 6, 11], "texture": "#3"},
				"up": {"uv": [11, 8.33333, 10.66667, 8], "rotation": 90, "texture": "#3"},
				"down": {"uv": [11, 8.33333, 10.66667, 8.66667], "rotation": 270, "texture": "#3"}
			}
		},
		{
			"from": [7.46101, -10.67535, 5.5],
			"to": [7.96101, -10.17535, 5.75],
			"rotation": {"angle": -45, "axis": "z", "origin": [8, -10.71434, 5.625]},
			"faces": {
				"north": {"uv": [9, 10.66667, 9.33333, 11], "texture": "#3"},
				"east": {"uv": [5.66667, 11, 5.83333, 11.33333], "texture": "#3"},
				"south": {"uv": [10.66667, 8.66667, 11, 9], "texture": "#3"},
				"down": {"uv": [6.16667, 11, 6, 11.33333], "rotation": 270, "texture": "#3"}
			}
		},
		{
			"from": [6.88779, -10.85212, 5.5],
			"to": [7.38779, -10.35213, 5.75],
			"rotation": {"angle": -45, "axis": "z", "origin": [8.17677, -10.89111, 5.625]},
			"faces": {
				"north": {"uv": [9.33333, 10.66667, 9.66667, 11], "texture": "#3"},
				"south": {"uv": [10.66667, 9, 11, 9.33333], "texture": "#3"},
				"west": {"uv": [6.33333, 11, 6.5, 11.33333], "texture": "#3"},
				"up": {"uv": [6.83333, 11.33333, 6.66667, 11], "rotation": 90, "texture": "#3"},
				"down": {"uv": [7.16667, 11, 7, 11.33333], "rotation": 270, "texture": "#3"}
			}
		},
		{
			"from": [7.28424, -10.10213, 5.5],
			"to": [7.78424, -9.60213, 5.75],
			"rotation": {"angle": -45, "axis": "z", "origin": [7.82323, -10.89111, 5.625]},
			"faces": {
				"north": {"uv": [9.66667, 10.66667, 10, 11], "texture": "#3"},
				"east": {"uv": [7.33333, 11, 7.5, 11.33333], "texture": "#3"},
				"south": {"uv": [10.66667, 9.33333, 11, 9.66667], "texture": "#3"},
				"west": {"uv": [7.66667, 11, 7.83333, 11.33333], "texture": "#3"},
				"up": {"uv": [8.16667, 11.33333, 8, 11], "rotation": 90, "texture": "#3"}
			}
		},
		{
			"from": [6.86998, -11.13723, 5.5],
			"to": [7.36998, -10.63723, 5.75],
			"rotation": {"angle": -22.5, "axis": "z", "origin": [7.49498, -11.01223, 5.625]},
			"faces": {
				"north": {"uv": [10, 10.66667, 10.33333, 11], "texture": "#3"},
				"south": {"uv": [10.66667, 9.66667, 11, 10], "texture": "#3"},
				"west": {"uv": [11, 8, 11.16667, 8.33333], "texture": "#3"},
				"up": {"uv": [8.5, 11.33333, 8.33333, 11], "rotation": 90, "texture": "#3"},
				"down": {"uv": [11.16667, 8.33333, 11, 8.66667], "rotation": 270, "texture": "#3"}
			}
		},
		{
			"from": [7.36998, -11.13723, 5.5],
			"to": [7.86998, -10.63723, 5.75],
			"rotation": {"angle": -22.5, "axis": "z", "origin": [7.49498, -11.01223, 5.625]},
			"faces": {
				"north": {"uv": [10.33333, 10.66667, 10.66667, 11], "texture": "#3"},
				"east": {"uv": [8.66667, 11, 8.83333, 11.33333], "texture": "#3"},
				"south": {"uv": [10.66667, 10, 11, 10.33333], "texture": "#3"},
				"up": {"uv": [11.16667, 9, 11, 8.66667], "rotation": 90, "texture": "#3"}
			}
		},
		{
			"from": [7.36998, -11.63723, 5.5],
			"to": [7.86998, -11.13723, 5.75],
			"rotation": {"angle": -22.5, "axis": "z", "origin": [7.49498, -11.01223, 5.625]},
			"faces": {
				"north": {"uv": [10.66667, 10.66667, 11, 11], "texture": "#3"},
				"east": {"uv": [9, 11, 9.16667, 11.33333], "texture": "#3"},
				"south": {"uv": [10.66667, 10.33333, 11, 10.66667], "texture": "#3"},
				"west": {"uv": [11, 9, 11.16667, 9.33333], "texture": "#3"},
				"down": {"uv": [9.5, 11, 9.33333, 11.33333], "rotation": 270, "texture": "#3"}
			}
		},
		{
			"from": [8.13002, -11.13723, 5.5],
			"to": [8.63002, -10.63723, 5.75],
			"rotation": {"angle": 22.5, "axis": "z", "origin": [8.50502, -11.01223, 5.625]},
			"faces": {
				"north": {"uv": [2, 11, 2.33333, 11.33333], "texture": "#3"},
				"south": {"uv": [1.66667, 11, 2, 11.33333], "texture": "#3"},
				"west": {"uv": [11, 9.33333, 11.16667, 9.66667], "texture": "#3"},
				"up": {"uv": [9.83333, 11.33333, 9.66667, 11], "rotation": 90, "texture": "#3"}
			}
		},
		{
			"from": [8.63003, -11.13723, 5.5],
			"to": [9.13003, -10.63723, 5.75],
			"rotation": {"angle": 22.5, "axis": "z", "origin": [8.50502, -11.01223, 5.625]},
			"faces": {
				"north": {"uv": [2.66667, 11, 3, 11.33333], "texture": "#3"},
				"east": {"uv": [11, 9.66667, 11.16667, 10], "texture": "#3"},
				"south": {"uv": [2.33333, 11, 2.66667, 11.33333], "texture": "#3"},
				"up": {"uv": [10.16667, 11.33333, 10, 11], "rotation": 90, "texture": "#3"},
				"down": {"uv": [11.16667, 10, 11, 10.33333], "rotation": 270, "texture": "#3"}
			}
		},
		{
			"from": [8.13002, -11.63723, 5.5],
			"to": [8.63002, -11.13723, 5.75],
			"rotation": {"angle": 22.5, "axis": "z", "origin": [8.50502, -11.01223, 5.625]},
			"faces": {
				"north": {"uv": [3.33333, 11, 3.66667, 11.33333], "texture": "#3"},
				"east": {"uv": [10.33333, 11, 10.5, 11.33333], "texture": "#3"},
				"south": {"uv": [3, 11, 3.33333, 11.33333], "texture": "#3"},
				"west": {"uv": [11, 10.33333, 11.16667, 10.66667], "texture": "#3"},
				"down": {"uv": [10.83333, 11, 10.66667, 11.33333], "rotation": 270, "texture": "#3"}
			}
		},
		{
			"from": [9.75, -8.25, 5.5],
			"to": [11.25, -8, 7],
			"rotation": {"angle": 22.5, "axis": "z", "origin": [10.5, -8.46875, 6.25]},
			"faces": {
				"north": {"uv": [8, 10.66667, 9, 10.83333], "texture": "#3"},
				"east": {"uv": [4.66667, 10.66667, 5.66667, 10.83333], "texture": "#3"},
				"south": {"uv": [10.66667, 4.66667, 11.66667, 4.83333], "texture": "#3"},
				"west": {"uv": [10.66667, 5, 11.66667, 5.16667], "texture": "#3"},
				"up": {"uv": [7.66667, 6.33333, 6.66667, 5.33333], "rotation": 90, "texture": "#3"},
				"down": {"uv": [1.66667, 9.66667, 0.66667, 10.66667], "rotation": 270, "texture": "#3"}
			}
		},
		{
			"from": [10, -8, 5.75],
			"to": [11, -7.875, 6.75],
			"rotation": {"angle": 22.5, "axis": "z", "origin": [10.5, -8.46875, 6.25]},
			"faces": {
				"north": {"uv": [11, 4.33333, 11.66667, 4.5], "texture": "#3"},
				"east": {"uv": [3.66667, 11, 4.33333, 11.16667], "texture": "#3"},
				"south": {"uv": [11, 4, 11.66667, 4.16667], "texture": "#3"},
				"west": {"uv": [4.33333, 11, 5, 11.16667], "texture": "#3"},
				"up": {"uv": [10.66667, 8.66667, 10, 8], "rotation": 90, "texture": "#3"}
			}
		},
		{
			"from": [9.95, -9.05, 5.7],
			"to": [11.05, -8.25, 6.8],
			"rotation": {"angle": 22.5, "axis": "z", "origin": [10.5, -8.46875, 6.25]},
			"faces": {
				"north": {"uv": [7, 10.33333, 7.66667, 10.83333], "texture": "#3"},
				"east": {"uv": [10, 9.33333, 10.66667, 9.83333], "texture": "#3"},
				"south": {"uv": [10, 10, 10.66667, 10.5], "texture": "#3"},
				"west": {"uv": [6.33333, 10.33333, 7, 10.83333], "texture": "#3"},
				"down": {"uv": [10.66667, 8.66667, 10, 9.33333], "rotation": 270, "texture": "#3"}
			}
		},
		{
			"from": [10.875, -9.125, 5.625],
			"to": [11.125, -8.875, 5.875],
			"rotation": {"angle": 22.5, "axis": "z", "origin": [10.5, -8.46875, 6.25]},
			"faces": {
				"north": {"uv": [11.33333, 6, 11.5, 6.16667], "texture": "#3"},
				"east": {"uv": [5.66667, 11.33333, 5.83333, 11.5], "texture": "#3"},
				"south": {"uv": [11.33333, 5.66667, 11.5, 5.83333], "texture": "#3"},
				"west": {"uv": [6, 11.33333, 6.16667, 11.5], "texture": "#3"},
				"up": {"uv": [6.5, 11.5, 6.33333, 11.33333], "rotation": 90, "texture": "#3"},
				"down": {"uv": [11.5, 6.33333, 11.33333, 6.5], "rotation": 270, "texture": "#3"}
			}
		},
		{
			"from": [10.875, -9.125, 6.625],
			"to": [11.125, -8.875, 6.875],
			"rotation": {"angle": 22.5, "axis": "z", "origin": [10.5, -8.46875, 6.25]},
			"faces": {
				"north": {"uv": [7.66667, 11.33333, 7.83333, 11.5], "texture": "#3"},
				"east": {"uv": [6.66667, 11.33333, 6.83333, 11.5], "texture": "#3"},
				"south": {"uv": [7, 11.33333, 7.16667, 11.5], "texture": "#3"},
				"west": {"uv": [7.33333, 11.33333, 7.5, 11.5], "texture": "#3"},
				"up": {"uv": [8.16667, 11.5, 8, 11.33333], "rotation": 90, "texture": "#3"},
				"down": {"uv": [11.5, 8, 11.33333, 8.16667], "rotation": 270, "texture": "#3"}
			}
		},
		{
			"from": [9.875, -9.125, 5.625],
			"to": [10.125, -8.875, 5.875],
			"rotation": {"angle": 22.5, "axis": "z", "origin": [10.5, -8.46875, 6.25]},
			"faces": {
				"north": {"uv": [11.33333, 8.66667, 11.5, 8.83333], "texture": "#3"},
				"east": {"uv": [8.33333, 11.33333, 8.5, 11.5], "texture": "#3"},
				"south": {"uv": [11.33333, 8.33333, 11.5, 8.5], "texture": "#3"},
				"west": {"uv": [8.66667, 11.33333, 8.83333, 11.5], "texture": "#3"},
				"up": {"uv": [9.16667, 11.5, 9, 11.33333], "rotation": 90, "texture": "#3"},
				"down": {"uv": [11.5, 9, 11.33333, 9.16667], "rotation": 270, "texture": "#3"}
			}
		},
		{
			"from": [9.875, -9.125, 6.625],
			"to": [10.125, -8.875, 6.875],
			"rotation": {"angle": 22.5, "axis": "z", "origin": [10.5, -8.46875, 6.25]},
			"faces": {
				"north": {"uv": [11.33333, 9.66667, 11.5, 9.83333], "texture": "#3"},
				"east": {"uv": [9.33333, 11.33333, 9.5, 11.5], "texture": "#3"},
				"south": {"uv": [11.33333, 9.33333, 11.5, 9.5], "texture": "#3"},
				"west": {"uv": [9.66667, 11.33333, 9.83333, 11.5], "texture": "#3"},
				"up": {"uv": [10.16667, 11.5, 10, 11.33333], "rotation": 90, "texture": "#3"},
				"down": {"uv": [11.5, 10, 11.33333, 10.16667], "rotation": 270, "texture": "#3"}
			}
		},
		{
			"from": [11.27662, -8.55366, 5.75],
			"to": [11.77662, -8.30366, 6],
			"rotation": {"angle": 45, "axis": "z", "origin": [10.5, -8.46875, 6.25]},
			"faces": {
				"north": {"uv": [11, 11, 11.33333, 11.16667], "texture": "#3"},
				"east": {"uv": [10.33333, 11.33333, 10.5, 11.5], "texture": "#3"},
				"south": {"uv": [11, 10.66667, 11.33333, 10.83333], "texture": "#3"},
				"up": {"uv": [11.5, 0.33333, 11.33333, 0], "rotation": 90, "texture": "#3"},
				"down": {"uv": [11.5, 0.33333, 11.33333, 0.66667], "rotation": 270, "texture": "#3"}
			}
		},
		{
			"from": [11.27662, -8.55366, 6.5],
			"to": [11.77662, -8.30366, 6.75],
			"rotation": {"angle": 45, "axis": "z", "origin": [10.5, -8.46875, 6.25]},
			"faces": {
				"north": {"uv": [11.33333, 0.66667, 11.66667, 0.83333], "texture": "#3"},
				"east": {"uv": [11.33333, 10.33333, 11.5, 10.5], "texture": "#3"},
				"south": {"uv": [0.66667, 11.33333, 1, 11.5], "texture": "#3"},
				"up": {"uv": [1.16667, 11.66667, 1, 11.33333], "rotation": 90, "texture": "#3"},
				"down": {"uv": [11.5, 1, 11.33333, 1.33333], "rotation": 270, "texture": "#3"}
			}
		},
		{
			"from": [11.52662, -8.55366, 6],
			"to": [11.77662, -8.30366, 6.5],
			"rotation": {"angle": 45, "axis": "z", "origin": [10.5, -8.46875, 6.25]},
			"faces": {
				"east": {"uv": [1.33333, 11.33333, 1.66667, 11.5], "texture": "#3"},
				"west": {"uv": [11.33333, 1.33333, 11.66667, 1.5], "texture": "#3"},
				"up": {"uv": [2, 11.5, 1.66667, 11.33333], "rotation": 90, "texture": "#3"},
				"down": {"uv": [11.66667, 1.66667, 11.33333, 1.83333], "rotation": 270, "texture": "#3"}
			}
		},
		{
			"from": [9.22338, -8.55366, 5.75],
			"to": [9.72338, -8.30366, 6],
			"rotation": {"angle": 0, "axis": "y", "origin": [9.41088, -8.42866, 6.25]},
			"faces": {
				"north": {"uv": [2.33333, 11.33333, 2.66667, 11.5], "texture": "#3"},
				"south": {"uv": [2, 11.33333, 2.33333, 11.5], "texture": "#3"},
				"west": {"uv": [10.66667, 11.33333, 10.83333, 11.5], "texture": "#3"},
				"up": {"uv": [2.83333, 11.66667, 2.66667, 11.33333], "rotation": 90, "texture": "#3"},
				"down": {"uv": [3.16667, 11.33333, 3, 11.66667], "rotation": 270, "texture": "#3"}
			}
		},
		{
			"from": [9.22338, -8.55366, 6.5],
			"to": [9.72338, -8.30366, 6.75],
			"rotation": {"angle": 0, "axis": "y", "origin": [9.41088, -8.42866, 6.25]},
			"faces": {
				"north": {"uv": [3.66667, 11.33333, 4, 11.5], "texture": "#3"},
				"south": {"uv": [3.33333, 11.33333, 3.66667, 11.5], "texture": "#3"},
				"west": {"uv": [11.33333, 10.66667, 11.5, 10.83333], "texture": "#3"},
				"up": {"uv": [4.16667, 11.66667, 4, 11.33333], "rotation": 90, "texture": "#3"},
				"down": {"uv": [4.5, 11.33333, 4.33333, 11.66667], "rotation": 270, "texture": "#3"}
			}
		},
		{
			"from": [9.22338, -8.55366, 6],
			"to": [9.47338, -8.30366, 6.5],
			"rotation": {"angle": 0, "axis": "y", "origin": [9.41088, -8.42866, 6.25]},
			"faces": {
				"east": {"uv": [4.66667, 11.33333, 5, 11.5], "texture": "#3"},
				"west": {"uv": [5, 11.33333, 5.33333, 11.5], "texture": "#3"},
				"up": {"uv": [5.66667, 11.5, 5.33333, 11.33333], "rotation": 90, "texture": "#3"},
				"down": {"uv": [11.66667, 5.33333, 11.33333, 5.5], "rotation": 270, "texture": "#3"}
			}
		},
		{
			"from": [4.75, -8.25, 5.5],
			"to": [6.25, -8, 7],
			"rotation": {"angle": -22.5, "axis": "z", "origin": [5.5, -8.46875, 6.25]},
			"faces": {
				"north": {"uv": [9, 10.66667, 8, 10.83333], "texture": "#3"},
				"east": {"uv": [11.66667, 5, 10.66667, 5.16667], "texture": "#3"},
				"south": {"uv": [11.66667, 4.66667, 10.66667, 4.83333], "texture": "#3"},
				"west": {"uv": [5.66667, 10.66667, 4.66667, 10.83333], "texture": "#3"},
				"up": {"uv": [7.66667, 5.33333, 6.66667, 6.33333], "rotation": 90, "texture": "#3"},
				"down": {"uv": [1.66667, 10.66667, 0.66667, 9.66667], "rotation": 270, "texture": "#3"}
			}
		},
		{
			"from": [5, -8, 5.75],
			"to": [6, -7.875, 6.75],
			"rotation": {"angle": -22.5, "axis": "z", "origin": [5.5, -8.46875, 6.25]},
			"faces": {
				"north": {"uv": [11.66667, 4.33333, 11, 4.5], "texture": "#3"},
				"east": {"uv": [5, 11, 4.33333, 11.16667], "texture": "#3"},
				"south": {"uv": [11.66667, 4, 11, 4.16667], "texture": "#3"},
				"west": {"uv": [4.33333, 11, 3.66667, 11.16667], "texture": "#3"},
				"up": {"uv": [10.66667, 8, 10, 8.66667], "rotation": 90, "texture": "#3"}
			}
		},
		{
			"from": [4.95, -9.05, 5.7],
			"to": [6.05, -8.25, 6.8],
			"rotation": {"angle": -22.5, "axis": "z", "origin": [5.5, -8.46875, 6.25]},
			"faces": {
				"north": {"uv": [7.66667, 10.33333, 7, 10.83333], "texture": "#3"},
				"east": {"uv": [7, 10.33333, 6.33333, 10.83333], "texture": "#3"},
				"south": {"uv": [10.66667, 10, 10, 10.5], "texture": "#3"},
				"west": {"uv": [10.66667, 9.33333, 10, 9.83333], "texture": "#3"},
				"down": {"uv": [10.66667, 9.33333, 10, 8.66667], "rotation": 270, "texture": "#3"}
			}
		},
		{
			"from": [4.875, -9.125, 5.625],
			"to": [5.125, -8.875, 5.875],
			"rotation": {"angle": -22.5, "axis": "z", "origin": [5.5, -8.46875, 6.25]},
			"faces": {
				"north": {"uv": [11.5, 6, 11.33333, 6.16667], "texture": "#3"},
				"east": {"uv": [6.16667, 11.33333, 6, 11.5], "texture": "#3"},
				"south": {"uv": [11.5, 5.66667, 11.33333, 5.83333], "texture": "#3"},
				"west": {"uv": [5.83333, 11.33333, 5.66667, 11.5], "texture": "#3"},
				"up": {"uv": [6.5, 11.33333, 6.33333, 11.5], "rotation": 90, "texture": "#3"},
				"down": {"uv": [11.5, 6.5, 11.33333, 6.33333], "rotation": 270, "texture": "#3"}
			}
		},
		{
			"from": [4.875, -9.125, 6.625],
			"to": [5.125, -8.875, 6.875],
			"rotation": {"angle": -22.5, "axis": "z", "origin": [5.5, -8.46875, 6.25]},
			"faces": {
				"north": {"uv": [7.83333, 11.33333, 7.66667, 11.5], "texture": "#3"},
				"east": {"uv": [7.5, 11.33333, 7.33333, 11.5], "texture": "#3"},
				"south": {"uv": [7.16667, 11.33333, 7, 11.5], "texture": "#3"},
				"west": {"uv": [6.83333, 11.33333, 6.66667, 11.5], "texture": "#3"},
				"up": {"uv": [8.16667, 11.33333, 8, 11.5], "rotation": 90, "texture": "#3"},
				"down": {"uv": [11.5, 8.16667, 11.33333, 8], "rotation": 270, "texture": "#3"}
			}
		},
		{
			"from": [5.875, -9.125, 5.625],
			"to": [6.125, -8.875, 5.875],
			"rotation": {"angle": -22.5, "axis": "z", "origin": [5.5, -8.46875, 6.25]},
			"faces": {
				"north": {"uv": [11.5, 8.66667, 11.33333, 8.83333], "texture": "#3"},
				"east": {"uv": [8.83333, 11.33333, 8.66667, 11.5], "texture": "#3"},
				"south": {"uv": [11.5, 8.33333, 11.33333, 8.5], "texture": "#3"},
				"west": {"uv": [8.5, 11.33333, 8.33333, 11.5], "texture": "#3"},
				"up": {"uv": [9.16667, 11.33333, 9, 11.5], "rotation": 90, "texture": "#3"},
				"down": {"uv": [11.5, 9.16667, 11.33333, 9], "rotation": 270, "texture": "#3"}
			}
		},
		{
			"from": [5.875, -9.125, 6.625],
			"to": [6.125, -8.875, 6.875],
			"rotation": {"angle": -22.5, "axis": "z", "origin": [5.5, -8.46875, 6.25]},
			"faces": {
				"north": {"uv": [11.5, 9.66667, 11.33333, 9.83333], "texture": "#3"},
				"east": {"uv": [9.83333, 11.33333, 9.66667, 11.5], "texture": "#3"},
				"south": {"uv": [11.5, 9.33333, 11.33333, 9.5], "texture": "#3"},
				"west": {"uv": [9.5, 11.33333, 9.33333, 11.5], "texture": "#3"},
				"up": {"uv": [10.16667, 11.33333, 10, 11.5], "rotation": 90, "texture": "#3"},
				"down": {"uv": [11.5, 10.16667, 11.33333, 10], "rotation": 270, "texture": "#3"}
			}
		},
		{
			"from": [4.22338, -8.55366, 5.75],
			"to": [4.72338, -8.30366, 6],
			"rotation": {"angle": -45, "axis": "z", "origin": [5.5, -8.46875, 6.25]},
			"faces": {
				"north": {"uv": [11.33333, 11, 11, 11.16667], "texture": "#3"},
				"south": {"uv": [11.33333, 10.66667, 11, 10.83333], "texture": "#3"},
				"west": {"uv": [10.5, 11.33333, 10.33333, 11.5], "texture": "#3"},
				"up": {"uv": [11.5, 0, 11.33333, 0.33333], "rotation": 90, "texture": "#3"},
				"down": {"uv": [11.5, 0.66667, 11.33333, 0.33333], "rotation": 270, "texture": "#3"}
			}
		},
		{
			"from": [4.22338, -8.55366, 6.5],
			"to": [4.72338, -8.30366, 6.75],
			"rotation": {"angle": -45, "axis": "z", "origin": [5.5, -8.46875, 6.25]},
			"faces": {
				"north": {"uv": [11.66667, 0.66667, 11.33333, 0.83333], "texture": "#3"},
				"south": {"uv": [1, 11.33333, 0.66667, 11.5], "texture": "#3"},
				"west": {"uv": [11.5, 10.33333, 11.33333, 10.5], "texture": "#3"},
				"up": {"uv": [1.16667, 11.33333, 1, 11.66667], "rotation": 90, "texture": "#3"},
				"down": {"uv": [11.5, 1.33333, 11.33333, 1], "rotation": 270, "texture": "#3"}
			}
		},
		{
			"from": [4.22338, -8.55366, 6],
			"to": [4.47338, -8.30366, 6.5],
			"rotation": {"angle": -45, "axis": "z", "origin": [5.5, -8.46875, 6.25]},
			"faces": {
				"east": {"uv": [11.66667, 1.33333, 11.33333, 1.5], "texture": "#3"},
				"west": {"uv": [1.66667, 11.33333, 1.33333, 11.5], "texture": "#3"},
				"up": {"uv": [2, 11.33333, 1.66667, 11.5], "rotation": 90, "texture": "#3"},
				"down": {"uv": [11.66667, 1.83333, 11.33333, 1.66667], "rotation": 270, "texture": "#3"}
			}
		},
		{
			"from": [6.27662, -8.55366, 5.75],
			"to": [6.77662, -8.30366, 6],
			"rotation": {"angle": 0, "axis": "y", "origin": [6.58912, -8.42866, 6.25]},
			"faces": {
				"north": {"uv": [2.66667, 11.33333, 2.33333, 11.5], "texture": "#3"},
				"east": {"uv": [10.83333, 11.33333, 10.66667, 11.5], "texture": "#3"},
				"south": {"uv": [2.33333, 11.33333, 2, 11.5], "texture": "#3"},
				"up": {"uv": [2.83333, 11.33333, 2.66667, 11.66667], "rotation": 90, "texture": "#3"},
				"down": {"uv": [3.16667, 11.66667, 3, 11.33333], "rotation": 270, "texture": "#3"}
			}
		},
		{
			"from": [6.27662, -8.55366, 6.5],
			"to": [6.77662, -8.30366, 6.75],
			"rotation": {"angle": 0, "axis": "y", "origin": [6.58912, -8.42866, 6.25]},
			"faces": {
				"north": {"uv": [4, 11.33333, 3.66667, 11.5], "texture": "#3"},
				"east": {"uv": [11.5, 10.66667, 11.33333, 10.83333], "texture": "#3"},
				"south": {"uv": [3.66667, 11.33333, 3.33333, 11.5], "texture": "#3"},
				"up": {"uv": [4.16667, 11.33333, 4, 11.66667], "rotation": 90, "texture": "#3"},
				"down": {"uv": [4.5, 11.66667, 4.33333, 11.33333], "rotation": 270, "texture": "#3"}
			}
		},
		{
			"from": [6.52662, -8.55366, 6],
			"to": [6.77662, -8.30366, 6.5],
			"rotation": {"angle": 0, "axis": "y", "origin": [6.58912, -8.42866, 6.25]},
			"faces": {
				"east": {"uv": [5.33333, 11.33333, 5, 11.5], "texture": "#3"},
				"west": {"uv": [5, 11.33333, 4.66667, 11.5], "texture": "#3"},
				"up": {"uv": [5.66667, 11.33333, 5.33333, 11.5], "rotation": 90, "texture": "#3"},
				"down": {"uv": [11.66667, 5.5, 11.33333, 5.33333], "rotation": 270, "texture": "#3"}
			}
		},
		{
			"from": [5.25, -8.12367, 6.2375],
			"to": [10.75, -6.12367, 6.2525],
			"rotation": {"angle": 0, "axis": "y", "origin": [10.75, -8.12367, 6.2375]},
			"faces": {
				"north": {"uv": [0, 13, 3.66667, 14.33333], "texture": "#3"},
				"south": {"uv": [3.66667, 13, 0, 14.33333], "texture": "#3"}
			}
		},
		{
			"from": [9.2, -10.9325, 5.125],
			"to": [11.45, -10.9175, 7.375],
			"rotation": {"angle": -45, "axis": "z", "origin": [10.5, -12.75, 5.625]},
			"faces": {
				"up": {"uv": [6.16667, 9, 4.66667, 10.5], "rotation": 270, "texture": "#3"},
				"down": {"uv": [4.66667, 9, 6.16667, 10.5], "rotation": 270, "texture": "#3"}
			}
		},
		{
			"from": [6, -10.375, 5.3],
			"to": [10, -6.375, 5.3],
			"rotation": {"angle": 0, "axis": "y", "origin": [10, -10.375, 5.3]},
			"faces": {
				"north": {"uv": [0, 0, 16, 16], "texture": "#1"}
			}
		},
		{
			"from": [8.5, -7, 7.875],
			"to": [9, -6, 8.375],
			"rotation": {"angle": 0, "axis": "y", "origin": [9, -7, 7.875]},
			"faces": {
				"north": {"uv": [7.66667, 9.66667, 8, 10.33333], "texture": "#3"},
				"east": {"uv": [7.66667, 5.33333, 8, 6], "texture": "#3"},
				"south": {"uv": [7.66667, 9, 8, 9.66667], "texture": "#3"},
				"west": {"uv": [2.33333, 9.66667, 2.66667, 10.33333], "texture": "#3"},
				"up": {"uv": [5.33333, 11.33333, 5, 11], "rotation": 90, "texture": "#3"}
			}
		},
		{
			"from": [7, -7, 7.875],
			"to": [7.5, -6, 8.375],
			"rotation": {"angle": 0, "axis": "y", "origin": [7.5, -7, 7.875]},
			"faces": {
				"north": {"uv": [10.66667, 4, 11, 4.66667], "texture": "#3"},
				"east": {"uv": [0.66667, 10.66667, 1, 11.33333], "texture": "#3"},
				"south": {"uv": [1, 10.66667, 1.33333, 11.33333], "texture": "#3"},
				"west": {"uv": [1.33333, 10.66667, 1.66667, 11.33333], "texture": "#3"},
				"up": {"uv": [5.66667, 11.33333, 5.33333, 11], "rotation": 90, "texture": "#3"}
			}
		},
		{
			"from": [7.5, -6.5, 7.875],
			"to": [8.5, -6, 8.375],
			"rotation": {"angle": 0, "axis": "y", "origin": [8.5, -7, 7.875]},
			"faces": {
				"north": {"uv": [6, 3.33333, 6.66667, 3.66667], "texture": "#3"},
				"south": {"uv": [5.33333, 3.33333, 6, 3.66667], "texture": "#3"},
				"up": {"uv": [2.66667, 11, 2.33333, 10.33333], "rotation": 90, "texture": "#3"},
				"down": {"uv": [8, 10.33333, 7.66667, 11], "rotation": 270, "texture": "#3"}
			}
		},
		{
			"from": [9.25, -7.015, 9.875],
			"to": [10, -7, 12.375],
			"rotation": {"angle": 0, "axis": "y", "origin": [10, -7.015, 10.375]},
			"faces": {
				"up": {"uv": [11.66667, 7.83333, 10, 7.33333], "rotation": 90, "texture": "#3"},
				"down": {"uv": [11.66667, 7.83333, 10, 7.33333], "rotation": 270, "texture": "#3"}
			}
		},
		{
			"from": [9.25, -11.5, 9.875],
			"to": [10, -11.485, 12.375],
			"rotation": {"angle": 0, "axis": "y", "origin": [10, -11.5, 10.375]},
			"faces": {
				"up": {"uv": [11.66667, 7.83333, 10, 7.33333], "rotation": 90, "texture": "#3"},
				"down": {"uv": [11.66667, 7.83333, 10, 7.33333], "rotation": 270, "texture": "#3"}
			}
		},
		{
			"from": [9.25, -11.5, 12.36],
			"to": [10, -7, 12.375],
			"rotation": {"angle": 0, "axis": "z", "origin": [10, -7.5, 12.36]},
			"faces": {
				"north": {"uv": [0.5, 9.66667, 0, 12.66667], "texture": "#3"},
				"south": {"uv": [0, 9.66667, 0.5, 12.66667], "texture": "#3"}
			}
		},
		{
			"from": [6, -7.015, 9.875],
			"to": [6.75, -7, 12.375],
			"rotation": {"angle": 0, "axis": "y", "origin": [6, -7.015, 10.375]},
			"faces": {
				"up": {"uv": [11.66667, 7.33333, 10, 7.83333], "rotation": 90, "texture": "#3"},
				"down": {"uv": [11.66667, 7.33333, 10, 7.83333], "rotation": 270, "texture": "#3"}
			}
		},
		{
			"from": [6, -11.5, 12.36],
			"to": [6.75, -7, 12.375],
			"rotation": {"angle": 0, "axis": "z", "origin": [6, -7.5, 12.36]},
			"faces": {
				"north": {"uv": [0, 9.66667, 0.5, 12.66667], "texture": "#3"},
				"south": {"uv": [0.5, 9.66667, 0, 12.66667], "texture": "#3"}
			}
		},
		{
			"from": [6, -11.5, 9.875],
			"to": [6.75, -11.485, 12.375],
			"rotation": {"angle": 0, "axis": "y", "origin": [6, -11.5, 10.375]},
			"faces": {
				"up": {"uv": [11.66667, 7.33333, 10, 7.83333], "rotation": 90, "texture": "#3"},
				"down": {"uv": [11.66667, 7.33333, 10, 7.83333], "rotation": 270, "texture": "#3"}
			}
		},
		{
			"from": [10.625, -13.625, 6],
			"to": [11.125, -12.125, 6.5],
			"rotation": {"angle": -22.5, "axis": "z", "origin": [10.97488, -12.25513, 6.25]},
			"faces": {
				"north": {"uv": [12.5, 0, 12.83333, 1], "texture": "#3"},
				"east": {"uv": [12.83333, 0, 13.16667, 1], "texture": "#3"},
				"south": {"uv": [12.83333, 0, 12.5, 1], "texture": "#3"},
				"west": {"uv": [12.16667, 0, 12.5, 1], "texture": "#3"},
				"up": {"uv": [12.16667, 0, 12.5, 0.33333], "rotation": 90, "texture": "#3"},
				"down": {"uv": [12.16667, 0.83333, 12.5, 0.5], "rotation": 270, "texture": "#3"}
			}
		},
		{
			"from": [10.62493, -12.25923, 6.045],
			"to": [11.03493, -11.02923, 6.455],
			"rotation": {"angle": -45, "axis": "z", "origin": [10.97488, -12.25513, 6.25]},
			"faces": {
				"north": {"uv": [13.16667, 0, 13.5, 1], "texture": "#3"},
				"east": {"uv": [13.5, 0, 13.83333, 1], "texture": "#3"},
				"south": {"uv": [13.83333, 0, 14.16667, 1], "texture": "#3"},
				"west": {"uv": [11.83333, 0, 12.16667, 1], "texture": "#3"},
				"up": {"uv": [12.16667, 1, 12.5, 1.33333], "rotation": 90, "texture": "#3"},
				"down": {"uv": [12.16667, 0, 12.5, 0.33333], "rotation": 270, "texture": "#3"}
			}
		},
		{
			"from": [4.96507, -12.25923, 6.045],
			"to": [5.37507, -11.02923, 6.455],
			"rotation": {"angle": 45, "axis": "z", "origin": [5.02513, -12.25513, 6.25]},
			"faces": {
				"north": {"uv": [13.5, 0, 13.16667, 1], "texture": "#3"},
				"east": {"uv": [12.16667, 0, 11.83333, 1], "texture": "#3"},
				"south": {"uv": [14.16667, 0, 13.83333, 1], "texture": "#3"},
				"west": {"uv": [13.83333, 0, 13.5, 1], "texture": "#3"},
				"up": {"uv": [12.16667, 1.33333, 12.5, 1], "rotation": 90, "texture": "#3"},
				"down": {"uv": [12.16667, 0.33333, 12.5, 0], "rotation": 270, "texture": "#3"}
			}
		},
		{
			"from": [4.55, -10.9325, 5.125],
			"to": [6.8, -10.9175, 7.375],
			"rotation": {"angle": 45, "axis": "z", "origin": [5.5, -12.75, 5.625]},
			"faces": {
				"up": {"uv": [6.16667, 10.5, 4.66667, 9], "rotation": 270, "texture": "#3"},
				"down": {"uv": [4.66667, 10.5, 6.16667, 9], "rotation": 270, "texture": "#3"}
			}
		},
		{
			"from": [4.875, -13.625, 6],
			"to": [5.375, -12.125, 6.5],
			"rotation": {"angle": 22.5, "axis": "z", "origin": [5.02513, -12.25513, 6.25]},
			"faces": {
				"north": {"uv": [12.83333, 0, 12.5, 1], "texture": "#3"},
				"east": {"uv": [12.5, 0, 12.16667, 1], "texture": "#3"},
				"south": {"uv": [12.5, 0, 12.83333, 1], "texture": "#3"},
				"west": {"uv": [13.16667, 0, 12.83333, 1], "texture": "#3"},
				"up": {"uv": [12.16667, 0.33333, 12.5, 0], "rotation": 90, "texture": "#3"},
				"down": {"uv": [12.16667, 0.5, 12.5, 0.83333], "rotation": 270, "texture": "#3"}
			}
		}
	],
	"gui_light": "front",
	"display": {
		"thirdperson_righthand": {
			"rotation": [55, 0, 0],
			"translation": [0, -2.75, -3.75],
			"scale": [0.7, 0.7, 0.7]
		},
		"thirdperson_lefthand": {
			"rotation": [67, 180, 0],
			"translation": [-5.5, -8.25, 9],
			"scale": [0.88477, 0.88477, 0.88477]
		},
		"firstperson_righthand": {
			"rotation": [-10, 180, 0],
			"translation": [1, 4.5, -1.5],
			"scale": [0.73242, 0.73242, 0.73242]
		},
		"firstperson_lefthand": {
			"rotation": [-10, 180, 0],
			"translation": [1, 4.5, -1.5],
			"scale": [0, 0, 0]
		},
		"ground": {
			"rotation": [45, 0, 0],
			"translation": [0, 5, 0],
			"scale": [0.7, 0.7, 0.7]
		},
		"gui": {
			"rotation": [35, 135, 0],
			"translation": [-0.25, -0.25, 0],
			"scale": [0.7, 0.7, 0.7]
		},
		"head": {
			"rotation": [0, 180, 0],
			"translation": [0, -54, 9],
			"scale": [3, 3, 3]
		},
		"fixed": {
			"rotation": [-90, 0, 0],
			"translation": [0, 0, -16.75],
			"scale": [2, 2, 2]
		}
	}
}