{
	"credit": "Made with Blockbench",
	"textures": {
		"1": "saintpatricksset2024:animations/animation_1",
		"3": "saintpatricksset2024:key"
	},
	"elements": [
		{
			"from": [6.25, 9.95356, 9.95356],
			"to": [7.25, 10.95356, 10.95356],
			"rotation": {"angle": 45, "axis": "x", "origin": [7.675, 8, 8]},
			"faces": {
				"north": {"uv": [2, 8, 3, 9], "texture": "#3"},
				"south": {"uv": [2, 9, 3, 10], "texture": "#3"},
				"west": {"uv": [10, 0, 11, 1], "texture": "#3"},
				"up": {"uv": [11, 2, 10, 1], "texture": "#3"},
				"down": {"uv": [3, 10, 2, 11], "texture": "#3"}
			}
		},
		{
			"from": [6.5, 10.53154, 10.53154],
			"to": [7, 11.53154, 11.53154],
			"rotation": {"angle": 45, "axis": "x", "origin": [7.675, 8, 8]},
			"faces": {
				"north": {"uv": [0, 12, 0.5, 13], "texture": "#3"},
				"east": {"uv": [10, 2, 11, 3], "texture": "#3"},
				"west": {"uv": [3, 10, 4, 11], "texture": "#3"},
				"down": {"uv": [12.5, 0, 12, 1], "texture": "#3"}
			}
		},
		{
			"from": [6.5, 10.53154, 11.53154],
			"to": [7, 11.53154, 12.53154],
			"rotation": {"angle": 45, "axis": "x", "origin": [7.675, 8, 8]},
			"faces": {
				"east": {"uv": [4, 10, 5, 11], "texture": "#3"},
				"south": {"uv": [1, 12, 1.5, 13], "texture": "#3"},
				"west": {"uv": [5, 10, 6, 11], "texture": "#3"},
				"up": {"uv": [12.5, 2, 12, 1], "texture": "#3"},
				"down": {"uv": [2.5, 12, 2, 13], "texture": "#3"}
			}
		},
		{
			"from": [6.5, 11.53154, 10.53154],
			"to": [7, 12.53154, 11.53154],
			"rotation": {"angle": 45, "axis": "x", "origin": [7.675, 8, 8]},
			"faces": {
				"north": {"uv": [12, 2, 12.5, 3], "texture": "#3"},
				"east": {"uv": [6, 10, 7, 11], "texture": "#3"},
				"south": {"uv": [3, 12, 3.5, 13], "texture": "#3"},
				"west": {"uv": [0, 11, 1, 12], "texture": "#3"},
				"up": {"uv": [12.5, 4, 12, 3], "texture": "#3"}
			}
		},
		{
			"from": [6.5, 4.71697, 10.01878],
			"to": [7, 5.71697, 11.01878],
			"rotation": {"angle": -22.5, "axis": "x", "origin": [7.675, 8, 8]},
			"faces": {
				"north": {"uv": [5.5, 12, 5, 13], "rotation": 180, "texture": "#3"},
				"east": {"uv": [11, 0, 12, 1], "rotation": 270, "texture": "#3"},
				"south": {"uv": [12.5, 5, 12, 4], "texture": "#3"},
				"west": {"uv": [1, 11, 2, 12], "rotation": 90, "texture": "#3"},
				"down": {"uv": [4, 12, 4.5, 13], "texture": "#3"}
			}
		},
		{
			"from": [6.5, 5.71698, 10.01878],
			"to": [7, 6.71698, 11.01878],
			"rotation": {"angle": -22.5, "axis": "x", "origin": [7.675, 8, 8]},
			"faces": {
				"east": {"uv": [11, 1, 12, 2], "rotation": 270, "texture": "#3"},
				"south": {"uv": [6.5, 13, 6, 12], "texture": "#3"},
				"west": {"uv": [2, 11, 3, 12], "rotation": 90, "texture": "#3"},
				"up": {"uv": [12, 5, 12.5, 6], "rotation": 180, "texture": "#3"}
			}
		},
		{
			"from": [6.5, 5.71698, 9.01877],
			"to": [7, 6.71698, 10.01877],
			"rotation": {"angle": -22.5, "axis": "x", "origin": [7.675, 8, 8]},
			"faces": {
				"north": {"uv": [12.5, 7, 12, 8], "rotation": 180, "texture": "#3"},
				"east": {"uv": [11, 2, 12, 3], "rotation": 270, "texture": "#3"},
				"west": {"uv": [3, 11, 4, 12], "rotation": 90, "texture": "#3"},
				"up": {"uv": [12, 6, 12.5, 7], "rotation": 180, "texture": "#3"},
				"down": {"uv": [7, 12, 7.5, 13], "texture": "#3"}
			}
		},
		{
			"from": [6.5, 9.28302, 10.01878],
			"to": [7, 10.28302, 11.01878],
			"rotation": {"angle": 22.5, "axis": "x", "origin": [7.675, 8, 8]},
			"faces": {
				"east": {"uv": [11, 3, 12, 4], "rotation": 270, "texture": "#3"},
				"south": {"uv": [12.5, 9, 12, 8], "texture": "#3"},
				"west": {"uv": [4, 11, 5, 12], "rotation": 90, "texture": "#3"},
				"down": {"uv": [8, 12, 8.5, 13], "texture": "#3"}
			}
		},
		{
			"from": [6.5, 10.28303, 10.01878],
			"to": [7, 11.28303, 11.01878],
			"rotation": {"angle": 22.5, "axis": "x", "origin": [7.675, 8, 8]},
			"faces": {
				"north": {"uv": [10.5, 12, 10, 13], "rotation": 180, "texture": "#3"},
				"east": {"uv": [11, 4, 12, 5], "rotation": 270, "texture": "#3"},
				"south": {"uv": [12.5, 10, 12, 9], "texture": "#3"},
				"west": {"uv": [5, 11, 6, 12], "rotation": 90, "texture": "#3"},
				"up": {"uv": [9, 12, 9.5, 13], "rotation": 180, "texture": "#3"}
			}
		},
		{
			"from": [6.5, 9.28302, 9.01877],
			"to": [7, 10.28302, 10.01877],
			"rotation": {"angle": 22.5, "axis": "x", "origin": [7.675, 8, 8]},
			"faces": {
				"north": {"uv": [12.5, 11, 12, 12], "rotation": 180, "texture": "#3"},
				"east": {"uv": [11, 5, 12, 6], "rotation": 270, "texture": "#3"},
				"west": {"uv": [6, 11, 7, 12], "rotation": 90, "texture": "#3"},
				"up": {"uv": [12, 10, 12.5, 11], "rotation": 180, "texture": "#3"},
				"down": {"uv": [11, 12, 11.5, 13], "texture": "#3"}
			}
		},
		{
			"from": [8.75, 9.95356, 9.95356],
			"to": [9.75, 10.95356, 10.95356],
			"rotation": {"angle": 45, "axis": "x", "origin": [7.675, 8, 8]},
			"faces": {
				"north": {"uv": [3, 8, 2, 9], "texture": "#3"},
				"east": {"uv": [11, 0, 10, 1], "texture": "#3"},
				"south": {"uv": [3, 9, 2, 10], "texture": "#3"},
				"up": {"uv": [10, 2, 11, 1], "texture": "#3"},
				"down": {"uv": [2, 10, 3, 11], "texture": "#3"}
			}
		},
		{
			"from": [9, 10.53154, 10.53154],
			"to": [9.5, 11.53154, 11.53154],
			"rotation": {"angle": 45, "axis": "x", "origin": [7.675, 8, 8]},
			"faces": {
				"north": {"uv": [0.5, 12, 0, 13], "texture": "#3"},
				"east": {"uv": [4, 10, 3, 11], "texture": "#3"},
				"west": {"uv": [11, 2, 10, 3], "texture": "#3"},
				"down": {"uv": [12, 0, 12.5, 1], "texture": "#3"}
			}
		},
		{
			"from": [9, 10.53154, 11.53154],
			"to": [9.5, 11.53154, 12.53154],
			"rotation": {"angle": 45, "axis": "x", "origin": [7.675, 8, 8]},
			"faces": {
				"east": {"uv": [6, 10, 5, 11], "texture": "#3"},
				"south": {"uv": [1.5, 12, 1, 13], "texture": "#3"},
				"west": {"uv": [5, 10, 4, 11], "texture": "#3"},
				"up": {"uv": [12, 2, 12.5, 1], "texture": "#3"},
				"down": {"uv": [2, 12, 2.5, 13], "texture": "#3"}
			}
		},
		{
			"from": [9, 11.53154, 10.53154],
			"to": [9.5, 12.53154, 11.53154],
			"rotation": {"angle": 45, "axis": "x", "origin": [7.675, 8, 8]},
			"faces": {
				"north": {"uv": [12.5, 2, 12, 3], "texture": "#3"},
				"east": {"uv": [1, 11, 0, 12], "texture": "#3"},
				"south": {"uv": [3.5, 12, 3, 13], "texture": "#3"},
				"west": {"uv": [7, 10, 6, 11], "texture": "#3"},
				"up": {"uv": [12, 4, 12.5, 3], "texture": "#3"}
			}
		},
		{
			"from": [9, 4.71697, 10.01878],
			"to": [9.5, 5.71697, 11.01878],
			"rotation": {"angle": -22.5, "axis": "x", "origin": [7.675, 8, 8]},
			"faces": {
				"north": {"uv": [5, 12, 5.5, 13], "rotation": 180, "texture": "#3"},
				"east": {"uv": [2, 11, 1, 12], "rotation": 270, "texture": "#3"},
				"south": {"uv": [12, 5, 12.5, 4], "texture": "#3"},
				"west": {"uv": [12, 0, 11, 1], "rotation": 90, "texture": "#3"},
				"down": {"uv": [4.5, 12, 4, 13], "texture": "#3"}
			}
		},
		{
			"from": [9, 5.71698, 10.01878],
			"to": [9.5, 6.71698, 11.01878],
			"rotation": {"angle": -22.5, "axis": "x", "origin": [7.675, 8, 8]},
			"faces": {
				"east": {"uv": [3, 11, 2, 12], "rotation": 270, "texture": "#3"},
				"south": {"uv": [6, 13, 6.5, 12], "texture": "#3"},
				"west": {"uv": [12, 1, 11, 2], "rotation": 90, "texture": "#3"},
				"up": {"uv": [12.5, 5, 12, 6], "rotation": 180, "texture": "#3"}
			}
		},
		{
			"from": [9, 5.71698, 9.01877],
			"to": [9.5, 6.71698, 10.01877],
			"rotation": {"angle": -22.5, "axis": "x", "origin": [7.675, 8, 8]},
			"faces": {
				"north": {"uv": [12, 7, 12.5, 8], "rotation": 180, "texture": "#3"},
				"east": {"uv": [4, 11, 3, 12], "rotation": 270, "texture": "#3"},
				"west": {"uv": [12, 2, 11, 3], "rotation": 90, "texture": "#3"},
				"up": {"uv": [12.5, 6, 12, 7], "rotation": 180, "texture": "#3"},
				"down": {"uv": [7.5, 12, 7, 13], "texture": "#3"}
			}
		},
		{
			"from": [9, 9.28302, 10.01878],
			"to": [9.5, 10.28302, 11.01878],
			"rotation": {"angle": 22.5, "axis": "x", "origin": [7.675, 8, 8]},
			"faces": {
				"east": {"uv": [5, 11, 4, 12], "rotation": 270, "texture": "#3"},
				"south": {"uv": [12, 9, 12.5, 8], "texture": "#3"},
				"west": {"uv": [12, 3, 11, 4], "rotation": 90, "texture": "#3"},
				"down": {"uv": [8.5, 12, 8, 13], "texture": "#3"}
			}
		},
		{
			"from": [9, 10.28303, 10.01878],
			"to": [9.5, 11.28303, 11.01878],
			"rotation": {"angle": 22.5, "axis": "x", "origin": [7.675, 8, 8]},
			"faces": {
				"north": {"uv": [10, 12, 10.5, 13], "rotation": 180, "texture": "#3"},
				"east": {"uv": [6, 11, 5, 12], "rotation": 270, "texture": "#3"},
				"south": {"uv": [12, 10, 12.5, 9], "texture": "#3"},
				"west": {"uv": [12, 4, 11, 5], "rotation": 90, "texture": "#3"},
				"up": {"uv": [9.5, 12, 9, 13], "rotation": 180, "texture": "#3"}
			}
		},
		{
			"from": [9, 9.28302, 9.01877],
			"to": [9.5, 10.28302, 10.01877],
			"rotation": {"angle": 22.5, "axis": "x", "origin": [7.675, 8, 8]},
			"faces": {
				"north": {"uv": [12, 11, 12.5, 12], "rotation": 180, "texture": "#3"},
				"east": {"uv": [7, 11, 6, 12], "rotation": 270, "texture": "#3"},
				"west": {"uv": [12, 5, 11, 6], "rotation": 90, "texture": "#3"},
				"up": {"uv": [12.5, 10, 12, 11], "rotation": 180, "texture": "#3"},
				"down": {"uv": [11.5, 12, 11, 13], "texture": "#3"}
			}
		},
		{
			"from": [7.35, 3.81846, 3.81846],
			"to": [8.65, 5.11846, 5.11846],
			"rotation": {"angle": 45, "axis": "x", "origin": [7.675, 8, 8]},
			"faces": {
				"north": {"uv": [5, 8, 6.5, 9.5], "texture": "#3"},
				"east": {"uv": [9, 3, 10.5, 4.5], "texture": "#3"},
				"south": {"uv": [9, 5, 10.5, 6.5], "texture": "#3"},
				"west": {"uv": [7, 9, 8.5, 10.5], "texture": "#3"},
				"up": {"uv": [10.5, 8.5, 9, 7], "texture": "#3"},
				"down": {"uv": [10.5, 9, 9, 10.5], "texture": "#3"}
			}
		},
		{
			"from": [7.4, 7.4, 3.19854],
			"to": [8.6, 8.6, 4.39854],
			"rotation": {"angle": 0, "axis": "x", "origin": [7.675, 8, 8]},
			"faces": {
				"east": {"uv": [7, 11, 8, 12], "rotation": 270, "texture": "#3"},
				"south": {"uv": [12, 9, 11, 8], "texture": "#3"},
				"west": {"uv": [8, 11, 9, 12], "rotation": 90, "texture": "#3"},
				"up": {"uv": [11, 6, 12, 7], "rotation": 180, "texture": "#3"},
				"down": {"uv": [11, 7, 12, 8], "texture": "#3"}
			}
		},
		{
			"from": [7.4, 7.4, 9.39854],
			"to": [8.6, 8.6, 10.59854],
			"rotation": {"angle": 0, "axis": "x", "origin": [7.675, 8, 8]},
			"faces": {
				"north": {"uv": [12, 11, 11, 12], "rotation": 180, "texture": "#3"},
				"east": {"uv": [11, 9, 12, 10], "rotation": 270, "texture": "#3"},
				"west": {"uv": [11, 10, 12, 11], "rotation": 90, "texture": "#3"},
				"up": {"uv": [9, 11, 10, 12], "rotation": 180, "texture": "#3"},
				"down": {"uv": [10, 11, 11, 12], "texture": "#3"}
			}
		},
		{
			"from": [7.5, 7.5, 4.39854],
			"to": [8.5, 8.5, 9.39854],
			"rotation": {"angle": 0, "axis": "x", "origin": [7.675, 8, 8]},
			"faces": {
				"east": {"uv": [5, 3, 6, 8], "rotation": 270, "texture": "#3"},
				"west": {"uv": [6, 3, 7, 8], "rotation": 90, "texture": "#3"},
				"up": {"uv": [3, 5, 4, 10], "rotation": 180, "texture": "#3"},
				"down": {"uv": [4, 5, 5, 10], "texture": "#3"}
			}
		},
		{
			"from": [7.25, 9.20356, 9.20356],
			"to": [8.75, 11.70356, 11.70356],
			"rotation": {"angle": 45, "axis": "x", "origin": [7.675, 8, 8]},
			"faces": {
				"north": {"uv": [7, 3, 8.5, 5.5], "texture": "#3"},
				"east": {"uv": [0, 5, 2.5, 7.5], "texture": "#3"},
				"south": {"uv": [7, 6, 8.5, 8.5], "texture": "#3"},
				"west": {"uv": [5, 0, 7.5, 2.5], "texture": "#3"},
				"up": {"uv": [1.5, 10.5, 0, 8], "texture": "#3"},
				"down": {"uv": [9.5, 0, 8, 2.5], "texture": "#3"}
			}
		},
		{
			"from": [7.985, 5.75, 0.79854],
			"to": [8.015, 10.25, 5.29854],
			"rotation": {"angle": 0, "axis": "x", "origin": [7.675, 8, 8]},
			"faces": {
				"east": {"uv": [4.5, 0, 0, 4.5], "texture": "#3"},
				"west": {"uv": [0, 0, 4.5, 4.5], "texture": "#3"}
			}
		},
		{
			"from": [6.1, 3.70146, 7.79854],
			"to": [6.1, 11.70146, 15.79854],
			"rotation": {"angle": 0, "axis": "x", "origin": [7.675, 7.95146, 8.5]},
			"faces": {
				"west": {"uv": [0, 0, 16, 16], "texture": "#1"}
			}
		},
		{
			"from": [9.9, 3.70146, 7.79854],
			"to": [9.9, 11.70146, 15.79854],
			"rotation": {"angle": 0, "axis": "x", "origin": [8.325, 7.95146, 8.5]},
			"faces": {
				"east": {"uv": [16, 0, 0, 16], "texture": "#1"}
			}
		}
	],
	"gui_light": "front",
	"display": {
		"thirdperson_righthand": {
			"rotation": [90, 0, 0],
			"translation": [-1, 3.25, 1]
		},
		"thirdperson_lefthand": {
			"rotation": [90, 0, 0],
			"translation": [-1, 3.25, 1]
		},
		"firstperson_righthand": {
			"rotation": [52, 0, 0],
			"translation": [1, 3, -1.5]
		},
		"firstperson_lefthand": {
			"rotation": [52, 0, 0],
			"translation": [1, 3, -1.5]
		},
		"ground": {
			"rotation": [45, 0, 0],
			"translation": [0, 5, 0],
			"scale": [0.7, 0.7, 0.7]
		},
		"gui": {
			"rotation": [-90, 135, 90],
			"translation": [1, -1.25, 0]
		},
		"head": {
			"rotation": [0, -90, 0]
		},
		"fixed": {
			"rotation": [90, -45, 90],
			"translation": [-1.25, -1, -0.5],
			"scale": [2, 2, 2]
		}
	}
}