{
	"credit": "Made with Blockbench",
	"texture_size": [24, 24],
	"textures": {
		"1": "saintpatricksset2024:animations/animation_1",
		"2": "saintpatricksset2024:scythe",
		"particle": "saintpatricksset2024:scythe"
	},
	"elements": [
		{
			"from": [6.25, 22.67132, 7.5],
			"to": [7.25, 23.67132, 8.5],
			"rotation": {"angle": -45, "axis": "x", "origin": [6.75, 23.17132, 8]},
			"faces": {
				"north": {"uv": [2.66667, 8, 3.33333, 8.66667], "texture": "#2"},
				"south": {"uv": [10.66667, 1.33333, 11.33333, 2], "texture": "#2"},
				"west": {"uv": [11.33333, 5.33333, 12, 6], "texture": "#2"},
				"up": {"uv": [12.66667, 10, 12, 9.33333], "texture": "#2"},
				"down": {"uv": [12.66667, 10, 12, 10.66667], "texture": "#2"}
			}
		},
		{
			"from": [6.5, 23.2493, 8.07798],
			"to": [7, 24.2493, 9.07798],
			"rotation": {"angle": -45, "axis": "x", "origin": [6.75, 23.17132, 8]},
			"faces": {
				"north": {"uv": [11.33333, 12.66667, 11.66667, 13.33333], "texture": "#2"},
				"east": {"uv": [12, 10.66667, 12.66667, 11.33333], "texture": "#2"},
				"west": {"uv": [12, 11.33333, 12.66667, 12], "texture": "#2"},
				"down": {"uv": [13, 11.33333, 12.66667, 12], "texture": "#2"}
			}
		},
		{
			"from": [6.5, 22.89575, 9.22443],
			"to": [7, 23.89575, 10.22443],
			"rotation": {"angle": -45, "axis": "x", "origin": [6.75, 22.81777, 7.64645]},
			"faces": {
				"east": {"uv": [12, 12, 12.66667, 12.66667], "texture": "#2"},
				"south": {"uv": [12, 12.66667, 12.33333, 13.33333], "texture": "#2"},
				"west": {"uv": [12.66667, 0, 13.33333, 0.66667], "texture": "#2"},
				"up": {"uv": [13, 12.66667, 12.66667, 12], "texture": "#2"},
				"down": {"uv": [13, 12.66667, 12.66667, 13.33333], "texture": "#2"}
			}
		},
		{
			"from": [6.5, 24.39575, 8.43153],
			"to": [7, 25.39575, 9.43153],
			"rotation": {"angle": -45, "axis": "x", "origin": [6.75, 22.81777, 8.35355]},
			"faces": {
				"north": {"uv": [0, 13.33333, 0.33333, 14], "texture": "#2"},
				"east": {"uv": [12.66667, 0.66667, 13.33333, 1.33333], "texture": "#2"},
				"south": {"uv": [13.33333, 0, 13.66667, 0.66667], "texture": "#2"},
				"west": {"uv": [12.66667, 1.33333, 13.33333, 2], "texture": "#2"},
				"up": {"uv": [1, 14, 0.66667, 13.33333], "texture": "#2"}
			}
		},
		{
			"from": [6.5, 21.32554, 6.73996],
			"to": [7, 22.32554, 7.73996],
			"rotation": {"angle": 22.5, "axis": "x", "origin": [6.75, 22.57554, 6.98996]},
			"faces": {
				"north": {"uv": [13.33333, 0.66667, 13.66667, 1.33333], "texture": "#2"},
				"east": {"uv": [12.66667, 2, 13.33333, 2.66667], "texture": "#2"},
				"south": {"uv": [1.33333, 13.33333, 1.66667, 14], "texture": "#2"},
				"west": {"uv": [12.66667, 2.66667, 13.33333, 3.33333], "texture": "#2"},
				"down": {"uv": [13.66667, 1.33333, 13.33333, 2], "texture": "#2"}
			}
		},
		{
			"from": [6.5, 22.32554, 6.73996],
			"to": [7, 23.32554, 7.73996],
			"rotation": {"angle": 22.5, "axis": "x", "origin": [6.75, 22.57554, 6.98996]},
			"faces": {
				"east": {"uv": [12.66667, 3.33333, 13.33333, 4], "texture": "#2"},
				"south": {"uv": [2, 13.33333, 2.33333, 14], "texture": "#2"},
				"west": {"uv": [12.66667, 4, 13.33333, 4.66667], "texture": "#2"},
				"up": {"uv": [13.66667, 2.66667, 13.33333, 2], "texture": "#2"}
			}
		},
		{
			"from": [6.5, 22.32554, 5.73995],
			"to": [7, 23.32554, 6.73995],
			"rotation": {"angle": 22.5, "axis": "x", "origin": [6.75, 22.57554, 6.98996]},
			"faces": {
				"north": {"uv": [2.66667, 13.33333, 3, 14], "texture": "#2"},
				"east": {"uv": [4.66667, 12.66667, 5.33333, 13.33333], "texture": "#2"},
				"west": {"uv": [12.66667, 4.66667, 13.33333, 5.33333], "texture": "#2"},
				"up": {"uv": [13.66667, 3.33333, 13.33333, 2.66667], "texture": "#2"},
				"down": {"uv": [3.66667, 13.33333, 3.33333, 14], "texture": "#2"}
			}
		},
		{
			"from": [6.5, 22.32554, 9.26005],
			"to": [7, 23.32554, 10.26005],
			"rotation": {"angle": -22.5, "axis": "x", "origin": [6.75, 22.57554, 9.01004]},
			"faces": {
				"east": {"uv": [5.33333, 12.66667, 6, 13.33333], "texture": "#2"},
				"south": {"uv": [13.33333, 3.33333, 13.66667, 4], "texture": "#2"},
				"west": {"uv": [12.66667, 5.33333, 13.33333, 6], "texture": "#2"},
				"up": {"uv": [4.33333, 14, 4, 13.33333], "texture": "#2"},
				"down": {"uv": [13.66667, 4, 13.33333, 4.66667], "texture": "#2"}
			}
		},
		{
			"from": [6.5, 22.32554, 8.26004],
			"to": [7, 23.32554, 9.26004],
			"rotation": {"angle": -22.5, "axis": "x", "origin": [6.75, 22.57554, 9.01004]},
			"faces": {
				"north": {"uv": [4.66667, 13.33333, 5, 14], "texture": "#2"},
				"east": {"uv": [6, 12.66667, 6.66667, 13.33333], "texture": "#2"},
				"west": {"uv": [12.66667, 6, 13.33333, 6.66667], "texture": "#2"},
				"up": {"uv": [13.66667, 5.33333, 13.33333, 4.66667], "texture": "#2"}
			}
		},
		{
			"from": [6.5, 21.32554, 8.26004],
			"to": [7, 22.32554, 9.26004],
			"rotation": {"angle": -22.5, "axis": "x", "origin": [6.75, 22.57554, 9.01004]},
			"faces": {
				"north": {"uv": [5.33333, 13.33333, 5.66667, 14], "texture": "#2"},
				"east": {"uv": [6.66667, 12.66667, 7.33333, 13.33333], "texture": "#2"},
				"south": {"uv": [13.33333, 5.33333, 13.66667, 6], "texture": "#2"},
				"west": {"uv": [12.66667, 6.66667, 13.33333, 7.33333], "texture": "#2"},
				"down": {"uv": [6.33333, 13.33333, 6, 14], "texture": "#2"}
			}
		},
		{
			"from": [8.75, 22.67132, 7.5],
			"to": [9.75, 23.67132, 8.5],
			"rotation": {"angle": -45, "axis": "x", "origin": [9.25, 23.17132, 8]},
			"faces": {
				"north": {"uv": [3.33333, 8, 2.66667, 8.66667], "texture": "#2"},
				"east": {"uv": [12, 5.33333, 11.33333, 6], "texture": "#2"},
				"south": {"uv": [11.33333, 1.33333, 10.66667, 2], "texture": "#2"},
				"up": {"uv": [12, 10, 12.66667, 9.33333], "texture": "#2"},
				"down": {"uv": [12, 10, 12.66667, 10.66667], "texture": "#2"}
			}
		},
		{
			"from": [9, 23.2493, 8.07798],
			"to": [9.5, 24.2493, 9.07798],
			"rotation": {"angle": -45, "axis": "x", "origin": [9.25, 23.17132, 8]},
			"faces": {
				"north": {"uv": [11.66667, 12.66667, 11.33333, 13.33333], "texture": "#2"},
				"east": {"uv": [12.66667, 11.33333, 12, 12], "texture": "#2"},
				"west": {"uv": [12.66667, 10.66667, 12, 11.33333], "texture": "#2"},
				"down": {"uv": [12.66667, 11.33333, 13, 12], "texture": "#2"}
			}
		},
		{
			"from": [9, 22.89575, 9.22443],
			"to": [9.5, 23.89575, 10.22443],
			"rotation": {"angle": -45, "axis": "x", "origin": [9.25, 22.81777, 7.64645]},
			"faces": {
				"east": {"uv": [13.33333, 0, 12.66667, 0.66667], "texture": "#2"},
				"south": {"uv": [12.33333, 12.66667, 12, 13.33333], "texture": "#2"},
				"west": {"uv": [12.66667, 12, 12, 12.66667], "texture": "#2"},
				"up": {"uv": [12.66667, 12.66667, 13, 12], "texture": "#2"},
				"down": {"uv": [12.66667, 12.66667, 13, 13.33333], "texture": "#2"}
			}
		},
		{
			"from": [9, 24.39575, 8.43153],
			"to": [9.5, 25.39575, 9.43153],
			"rotation": {"angle": -45, "axis": "x", "origin": [9.25, 22.81777, 8.35355]},
			"faces": {
				"north": {"uv": [0.33333, 13.33333, 0, 14], "texture": "#2"},
				"east": {"uv": [13.33333, 1.33333, 12.66667, 2], "texture": "#2"},
				"south": {"uv": [13.66667, 0, 13.33333, 0.66667], "texture": "#2"},
				"west": {"uv": [13.33333, 0.66667, 12.66667, 1.33333], "texture": "#2"},
				"up": {"uv": [0.66667, 14, 1, 13.33333], "texture": "#2"}
			}
		},
		{
			"from": [9, 21.32554, 6.73996],
			"to": [9.5, 22.32554, 7.73996],
			"rotation": {"angle": 22.5, "axis": "x", "origin": [9.25, 22.57554, 6.98996]},
			"faces": {
				"north": {"uv": [13.66667, 0.66667, 13.33333, 1.33333], "texture": "#2"},
				"east": {"uv": [13.33333, 2.66667, 12.66667, 3.33333], "texture": "#2"},
				"south": {"uv": [1.66667, 13.33333, 1.33333, 14], "texture": "#2"},
				"west": {"uv": [13.33333, 2, 12.66667, 2.66667], "texture": "#2"},
				"down": {"uv": [13.33333, 1.33333, 13.66667, 2], "texture": "#2"}
			}
		},
		{
			"from": [9, 22.32554, 6.73996],
			"to": [9.5, 23.32554, 7.73996],
			"rotation": {"angle": 22.5, "axis": "x", "origin": [9.25, 22.57554, 6.98996]},
			"faces": {
				"east": {"uv": [13.33333, 4, 12.66667, 4.66667], "texture": "#2"},
				"south": {"uv": [2.33333, 13.33333, 2, 14], "texture": "#2"},
				"west": {"uv": [13.33333, 3.33333, 12.66667, 4], "texture": "#2"},
				"up": {"uv": [13.33333, 2.66667, 13.66667, 2], "texture": "#2"}
			}
		},
		{
			"from": [9, 22.32554, 5.73995],
			"to": [9.5, 23.32554, 6.73995],
			"rotation": {"angle": 22.5, "axis": "x", "origin": [9.25, 22.57554, 6.98996]},
			"faces": {
				"north": {"uv": [3, 13.33333, 2.66667, 14], "texture": "#2"},
				"east": {"uv": [13.33333, 4.66667, 12.66667, 5.33333], "texture": "#2"},
				"west": {"uv": [5.33333, 12.66667, 4.66667, 13.33333], "texture": "#2"},
				"up": {"uv": [13.33333, 3.33333, 13.66667, 2.66667], "texture": "#2"},
				"down": {"uv": [3.33333, 13.33333, 3.66667, 14], "texture": "#2"}
			}
		},
		{
			"from": [9, 22.32554, 9.26005],
			"to": [9.5, 23.32554, 10.26005],
			"rotation": {"angle": -22.5, "axis": "x", "origin": [9.25, 22.57554, 9.01004]},
			"faces": {
				"east": {"uv": [13.33333, 5.33333, 12.66667, 6], "texture": "#2"},
				"south": {"uv": [13.66667, 3.33333, 13.33333, 4], "texture": "#2"},
				"west": {"uv": [6, 12.66667, 5.33333, 13.33333], "texture": "#2"},
				"up": {"uv": [4, 14, 4.33333, 13.33333], "texture": "#2"},
				"down": {"uv": [13.33333, 4, 13.66667, 4.66667], "texture": "#2"}
			}
		},
		{
			"from": [9, 22.32554, 8.26004],
			"to": [9.5, 23.32554, 9.26004],
			"rotation": {"angle": -22.5, "axis": "x", "origin": [9.25, 22.57554, 9.01004]},
			"faces": {
				"north": {"uv": [5, 13.33333, 4.66667, 14], "texture": "#2"},
				"east": {"uv": [13.33333, 6, 12.66667, 6.66667], "texture": "#2"},
				"west": {"uv": [6.66667, 12.66667, 6, 13.33333], "texture": "#2"},
				"up": {"uv": [13.33333, 5.33333, 13.66667, 4.66667], "texture": "#2"}
			}
		},
		{
			"from": [9, 21.32554, 8.26004],
			"to": [9.5, 22.32554, 9.26004],
			"rotation": {"angle": -22.5, "axis": "x", "origin": [9.25, 22.57554, 9.01004]},
			"faces": {
				"north": {"uv": [5.66667, 13.33333, 5.33333, 14], "texture": "#2"},
				"east": {"uv": [13.33333, 6.66667, 12.66667, 7.33333], "texture": "#2"},
				"south": {"uv": [13.66667, 5.33333, 13.33333, 6], "texture": "#2"},
				"west": {"uv": [7.33333, 12.66667, 6.66667, 13.33333], "texture": "#2"},
				"down": {"uv": [6, 13.33333, 6.33333, 14], "texture": "#2"}
			}
		},
		{
			"from": [7.35, -0.15, 7.85],
			"to": [8.65, 1.15, 9.15],
			"rotation": {"angle": -45, "axis": "x", "origin": [7.5, 0, 8]},
			"faces": {
				"north": {"uv": [10.66667, 6, 11.66667, 7], "texture": "#2"},
				"east": {"uv": [10.66667, 7.33333, 11.66667, 8.33333], "texture": "#2"},
				"south": {"uv": [10.66667, 8.66667, 11.66667, 9.66667], "texture": "#2"},
				"west": {"uv": [10.66667, 10, 11.66667, 11], "texture": "#2"},
				"up": {"uv": [12.33333, 2.33333, 11.33333, 1.33333], "texture": "#2"},
				"down": {"uv": [12.33333, 2.66667, 11.33333, 3.66667], "texture": "#2"}
			}
		},
		{
			"from": [7.4, 0.9, 7.4],
			"to": [8.6, 2.1, 8.6],
			"rotation": {"angle": 0, "axis": "y", "origin": [7.5, 1, 7.5]},
			"faces": {
				"north": {"uv": [7.33333, 12.66667, 8, 13.33333], "texture": "#2"},
				"east": {"uv": [12.66667, 7.33333, 13.33333, 8], "texture": "#2"},
				"south": {"uv": [8, 12.66667, 8.66667, 13.33333], "texture": "#2"},
				"west": {"uv": [12.66667, 8, 13.33333, 8.66667], "texture": "#2"},
				"up": {"uv": [9.33333, 13.33333, 8.66667, 12.66667], "texture": "#2"}
			}
		},
		{
			"from": [7.4, 21.1, 7.4],
			"to": [8.6, 22.3, 8.6],
			"rotation": {"angle": 0, "axis": "y", "origin": [7.5, 12.2, 7.5]},
			"faces": {
				"north": {"uv": [12.66667, 8.66667, 13.33333, 9.33333], "texture": "#2"},
				"east": {"uv": [9.33333, 12.66667, 10, 13.33333], "texture": "#2"},
				"south": {"uv": [12.66667, 9.33333, 13.33333, 10], "texture": "#2"},
				"west": {"uv": [10, 12.66667, 10.66667, 13.33333], "texture": "#2"}
			}
		},
		{
			"from": [7.5, 2.1, 7.5],
			"to": [8.5, 7.1, 8.5],
			"rotation": {"angle": 0, "axis": "y", "origin": [7.5, 2.1, 7.5]},
			"faces": {
				"north": {"uv": [8.66667, 6, 9.33333, 9.33333], "texture": "#2"},
				"east": {"uv": [6, 9.33333, 6.66667, 12.66667], "texture": "#2"},
				"south": {"uv": [9.33333, 6, 10, 9.33333], "texture": "#2"},
				"west": {"uv": [6.66667, 9.33333, 7.33333, 12.66667], "texture": "#2"}
			}
		},
		{
			"from": [7.5, 9.1, 7.5],
			"to": [8.5, 14.1, 8.5],
			"rotation": {"angle": 0, "axis": "y", "origin": [7.5, 2.1, 7.5]},
			"faces": {
				"north": {"uv": [7.33333, 9.33333, 8, 12.66667], "texture": "#2"},
				"east": {"uv": [8, 9.33333, 8.66667, 12.66667], "texture": "#2"},
				"south": {"uv": [8.66667, 9.33333, 9.33333, 12.66667], "texture": "#2"},
				"west": {"uv": [9.33333, 9.33333, 10, 12.66667], "texture": "#2"}
			}
		},
		{
			"from": [7.25, 21.50711, 7.75],
			"to": [8.75, 24.00711, 10.25],
			"rotation": {"angle": -45, "axis": "x", "origin": [7.5, 21.75711, 8]},
			"faces": {
				"north": {"uv": [0, 10, 1, 11.66667], "texture": "#2"},
				"east": {"uv": [14.33333, 4.66667, 16, 6.33333], "texture": "#2"},
				"south": {"uv": [1.33333, 10, 2.33333, 11.66667], "texture": "#2"},
				"west": {"uv": [2.66667, 8.66667, 4.33333, 10.33333], "texture": "#2"},
				"up": {"uv": [11, 3.66667, 10, 2], "texture": "#2"},
				"down": {"uv": [11, 4, 10, 5.66667], "texture": "#2"}
			}
		},
		{
			"from": [7.985, -1.5, 5.75],
			"to": [8.015, 3, 10.25],
			"rotation": {"angle": 0, "axis": "y", "origin": [7.985, -1, 6.25]},
			"faces": {
				"east": {"uv": [16, 11.33333, 13, 14.33333], "texture": "#2"},
				"west": {"uv": [13, 11.33333, 16, 14.33333], "texture": "#2"}
			}
		},
		{
			"from": [7.3, 16.1, 7.3],
			"to": [8.7, 21.1, 8.7],
			"rotation": {"angle": 0, "axis": "y", "origin": [7.5, 7.1, 7.5]},
			"faces": {
				"north": {"uv": [6, 6, 7, 9.33333], "texture": "#2"},
				"east": {"uv": [0, 6.66667, 1, 10], "texture": "#2"},
				"south": {"uv": [1.33333, 6.66667, 2.33333, 10], "texture": "#2"},
				"west": {"uv": [7.33333, 6, 8.33333, 9.33333], "texture": "#2"},
				"up": {"uv": [12.33333, 5, 11.33333, 4], "texture": "#2"},
				"down": {"uv": [11, 11.33333, 10, 12.33333], "texture": "#2"}
			}
		},
		{
			"from": [7.4, 7.1, 7.4],
			"to": [8.6, 9.1, 8.6],
			"rotation": {"angle": 0, "axis": "y", "origin": [7.5, 7.1, 7.5]},
			"faces": {
				"north": {"uv": [2.66667, 6.66667, 3.33333, 8], "texture": "#2"},
				"east": {"uv": [4, 10.66667, 4.66667, 12], "texture": "#2"},
				"south": {"uv": [11.33333, 11.33333, 12, 12.66667], "texture": "#2"},
				"west": {"uv": [0, 12, 0.66667, 13.33333], "texture": "#2"},
				"up": {"uv": [13.33333, 10.66667, 12.66667, 10], "texture": "#2"},
				"down": {"uv": [11.33333, 12.66667, 10.66667, 13.33333], "texture": "#2"}
			}
		},
		{
			"from": [7.4, 14.1, 7.4],
			"to": [8.6, 16.1, 8.6],
			"rotation": {"angle": 0, "axis": "y", "origin": [7.5, 7.1, 7.5]},
			"faces": {
				"north": {"uv": [12, 0, 12.66667, 1.33333], "texture": "#2"},
				"east": {"uv": [0.66667, 12, 1.33333, 13.33333], "texture": "#2"},
				"south": {"uv": [1.33333, 12, 2, 13.33333], "texture": "#2"},
				"west": {"uv": [2, 12, 2.66667, 13.33333], "texture": "#2"},
				"down": {"uv": [13.33333, 10.66667, 12.66667, 11.33333], "texture": "#2"}
			}
		},
		{
			"from": [6.1, 19, 4.25],
			"to": [6.1, 27, 12.25],
			"rotation": {"angle": 0, "axis": "y", "origin": [6.1, 19, 4.25]},
			"faces": {
				"west": {"uv": [0, 0, 16, 16], "texture": "#1"}
			}
		},
		{
			"from": [9.9, 19, 4.25],
			"to": [9.9, 27, 12.25],
			"rotation": {"angle": 0, "axis": "y", "origin": [9.9, 19, 4.25]},
			"faces": {
				"east": {"uv": [16, 0, 0, 16], "texture": "#1"}
			}
		},
		{
			"from": [7.985, 16.46373, -4.13834],
			"to": [8.015, 21.46373, 8.86166],
			"rotation": {"angle": -22.5, "axis": "x", "origin": [7.985, 16.46373, -2.13834]},
			"faces": {
				"east": {"uv": [8.66667, 0, 0, 3.33333], "texture": "#2"},
				"west": {"uv": [0, 0, 8.66667, 3.33333], "texture": "#2"}
			}
		},
		{
			"from": [7.5, 20.3429, 6.40381],
			"to": [8.5, 23.8429, 9.90381],
			"rotation": {"angle": -45, "axis": "x", "origin": [7.5, 20.3429, 5.90381]},
			"faces": {
				"north": {"uv": [10, 6, 10.66667, 8.33333], "texture": "#2"},
				"east": {"uv": [13.66667, 0, 16, 2.33333], "texture": "#2"},
				"south": {"uv": [10, 8.66667, 10.66667, 11], "texture": "#2"},
				"west": {"uv": [13.66667, 2.33333, 16, 4.66667], "texture": "#2"},
				"up": {"uv": [3.33333, 13, 2.66667, 10.66667], "texture": "#2"},
				"down": {"uv": [4, 10.66667, 3.33333, 13], "texture": "#2"}
			}
		},
		{
			"from": [7.5035, 20.54357, 6.14569],
			"to": [8.4965, 22.04357, 12.14569],
			"rotation": {"angle": -22.5, "axis": "x", "origin": [-0.4965, 9.04357, 0.14569]},
			"faces": {
				"north": {"uv": [12, 6.66667, 12.66667, 7.66667], "texture": "#2"},
				"east": {"uv": [0, 14, 4, 15], "texture": "#2"},
				"west": {"uv": [0, 15, 4, 16], "texture": "#2"},
				"up": {"uv": [5.33333, 12.66667, 4.66667, 8.66667], "texture": "#2"},
				"down": {"uv": [6, 8.66667, 5.33333, 12.66667], "texture": "#2"}
			}
		},
		{
			"from": [7.5085, 21.25911, -0.56625],
			"to": [8.4915, 23.25911, 0.82375],
			"rotation": {"angle": 45, "axis": "x", "origin": [8.005, 21.75911, 0.18375]},
			"faces": {
				"north": {"uv": [4, 12, 4.66667, 13.33333], "texture": "#2"},
				"east": {"uv": [15, 6.66667, 16, 8], "texture": "#2"},
				"south": {"uv": [12, 5.33333, 12.66667, 6.66667], "texture": "#2"},
				"west": {"uv": [10.66667, 0, 11.66667, 1.33333], "texture": "#2"},
				"down": {"uv": [12.66667, 8, 12, 9], "texture": "#2"}
			}
		}
	],
	"gui_light": "front",
	"display": {
		"thirdperson_righthand": {
			"translation": [0, 1.25, 1]
		},
		"thirdperson_lefthand": {
			"translation": [0, 1.25, 1]
		},
		"firstperson_righthand": {
			"rotation": [-10, 0, 0],
			"translation": [3, -5.75, -0.25]
		},
		"firstperson_lefthand": {
			"rotation": [-10, 0, 0],
			"translation": [3, -5.75, -0.25]
		},
		"ground": {
			"rotation": [-45, 0, 0],
			"translation": [0, 5, 0],
			"scale": [0.7, 0.7, 0.7]
		},
		"gui": {
			"rotation": [-90, 45, 90],
			"translation": [3.25, -1.5, 0],
			"scale": [0.7, 0.7, 0.7]
		},
		"head": {
			"rotation": [0, -90, 0]
		},
		"fixed": {
			"rotation": [0, -90, 0],
			"translation": [0, 0, -1.5],
			"scale": [2, 2, 2]
		}
	}
}