{
	"credit": "Made with Blockbench",
	"texture_size": [32, 32],
	"textures": {
		"1": "saintpatricksset2024:animations/animation_1",
		"2": "saintpatricksset2024:sword",
		"particle": "saintpatricksset2024:sword"
	},
	"elements": [
		{
			"from": [6.25, 8.67132, 7.5],
			"to": [7.25, 9.67132, 8.5],
			"rotation": {"angle": -45, "axis": "x", "origin": [6.75, 9.17132, 8]},
			"faces": {
				"north": {"uv": [7.5, 8, 8, 8.5], "texture": "#2"},
				"south": {"uv": [7.5, 10, 8, 10.5], "texture": "#2"},
				"west": {"uv": [8, 10, 8.5, 10.5], "texture": "#2"},
				"up": {"uv": [11, 4.5, 10.5, 4], "texture": "#2"},
				"down": {"uv": [5, 10.5, 4.5, 11], "texture": "#2"}
			}
		},
		{
			"from": [6.5, 9.2493, 8.07798],
			"to": [7, 10.2493, 9.07798],
			"rotation": {"angle": -45, "axis": "x", "origin": [6.75, 9.17132, 8]},
			"faces": {
				"north": {"uv": [11, 7, 11.25, 7.5], "texture": "#2"},
				"east": {"uv": [10.5, 4.5, 11, 5], "texture": "#2"},
				"west": {"uv": [5, 10.5, 5.5, 11], "texture": "#2"},
				"down": {"uv": [7.75, 11, 7.5, 11.5], "texture": "#2"}
			}
		},
		{
			"from": [6.5, 8.89575, 9.22443],
			"to": [7, 9.89575, 10.22443],
			"rotation": {"angle": -45, "axis": "x", "origin": [6.75, 8.81777, 7.64645]},
			"faces": {
				"east": {"uv": [10.5, 5, 11, 5.5], "texture": "#2"},
				"south": {"uv": [11, 7.5, 11.25, 8], "texture": "#2"},
				"west": {"uv": [5.5, 10.5, 6, 11], "texture": "#2"},
				"up": {"uv": [8.25, 11.5, 8, 11], "texture": "#2"},
				"down": {"uv": [11.25, 8, 11, 8.5], "texture": "#2"}
			}
		},
		{
			"from": [6.5, 10.39575, 8.43153],
			"to": [7, 11.39575, 9.43153],
			"rotation": {"angle": -45, "axis": "x", "origin": [6.75, 8.81777, 8.35355]},
			"faces": {
				"north": {"uv": [8.5, 11, 8.75, 11.5], "texture": "#2"},
				"east": {"uv": [10.5, 5.5, 11, 6], "texture": "#2"},
				"south": {"uv": [11, 8.5, 11.25, 9], "texture": "#2"},
				"west": {"uv": [10.5, 6, 11, 6.5], "texture": "#2"},
				"up": {"uv": [9.25, 11.5, 9, 11], "texture": "#2"}
			}
		},
		{
			"from": [6.5, 8.32554, 9.26005],
			"to": [7, 9.32554, 10.26005],
			"rotation": {"angle": -22.5, "axis": "x", "origin": [6.75, 8.57554, 9.01004]},
			"faces": {
				"east": {"uv": [10.5, 5.5, 11, 6], "rotation": 270, "texture": "#2"},
				"south": {"uv": [9.25, 11.5, 9, 11], "texture": "#2"},
				"west": {"uv": [10.5, 6, 11, 6.5], "rotation": 90, "texture": "#2"},
				"up": {"uv": [8.5, 11, 8.75, 11.5], "rotation": 180, "texture": "#2"},
				"down": {"uv": [11, 8.5, 11.25, 9], "texture": "#2"}
			}
		},
		{
			"from": [6.5, 8.32554, 8.26004],
			"to": [7, 9.32554, 9.26004],
			"rotation": {"angle": -22.5, "axis": "x", "origin": [6.75, 8.57554, 9.01004]},
			"faces": {
				"north": {"uv": [7.75, 11, 7.5, 11.5], "rotation": 180, "texture": "#2"},
				"east": {"uv": [10.5, 4.5, 11, 5], "rotation": 270, "texture": "#2"},
				"west": {"uv": [5, 10.5, 5.5, 11], "rotation": 90, "texture": "#2"},
				"up": {"uv": [11, 7, 11.25, 7.5], "rotation": 180, "texture": "#2"}
			}
		},
		{
			"from": [6.5, 7.32553, 8.26004],
			"to": [7, 8.32553, 9.26004],
			"rotation": {"angle": -22.5, "axis": "x", "origin": [6.75, 8.57554, 9.01004]},
			"faces": {
				"north": {"uv": [11.25, 8, 11, 8.5], "rotation": 180, "texture": "#2"},
				"east": {"uv": [10.5, 5, 11, 5.5], "rotation": 270, "texture": "#2"},
				"south": {"uv": [8.25, 11.5, 8, 11], "texture": "#2"},
				"west": {"uv": [5.5, 10.5, 6, 11], "rotation": 90, "texture": "#2"},
				"down": {"uv": [11, 7.5, 11.25, 8], "texture": "#2"}
			}
		},
		{
			"from": [6.5, 8.32554, 6.73996],
			"to": [7, 9.32554, 7.73996],
			"rotation": {"angle": 22.5, "axis": "x", "origin": [6.75, 8.57554, 6.98996]},
			"faces": {
				"east": {"uv": [10.5, 5, 11, 4.5], "rotation": 270, "texture": "#2"},
				"south": {"uv": [7.5, 11, 7.75, 11.5], "rotation": 180, "texture": "#2"},
				"west": {"uv": [5, 11, 5.5, 10.5], "rotation": 90, "texture": "#2"},
				"up": {"uv": [11, 7.5, 11.25, 7], "rotation": 180, "texture": "#2"}
			}
		},
		{
			"from": [6.5, 8.32554, 5.73995],
			"to": [7, 9.32554, 6.73995],
			"rotation": {"angle": 22.5, "axis": "x", "origin": [6.75, 8.57554, 6.98996]},
			"faces": {
				"north": {"uv": [9, 11.5, 9.25, 11], "texture": "#2"},
				"east": {"uv": [10.5, 6, 11, 5.5], "rotation": 270, "texture": "#2"},
				"west": {"uv": [10.5, 6.5, 11, 6], "rotation": 90, "texture": "#2"},
				"up": {"uv": [8.5, 11.5, 8.75, 11], "rotation": 180, "texture": "#2"},
				"down": {"uv": [11, 9, 11.25, 8.5], "texture": "#2"}
			}
		},
		{
			"from": [6.5, 7.32553, 6.73996],
			"to": [7, 8.32553, 7.73996],
			"rotation": {"angle": 22.5, "axis": "x", "origin": [6.75, 8.57554, 6.98996]},
			"faces": {
				"north": {"uv": [8, 11.5, 8.25, 11], "texture": "#2"},
				"east": {"uv": [10.5, 5.5, 11, 5], "rotation": 270, "texture": "#2"},
				"south": {"uv": [11, 8, 11.25, 8.5], "rotation": 180, "texture": "#2"},
				"west": {"uv": [5.5, 11, 6, 10.5], "rotation": 90, "texture": "#2"},
				"down": {"uv": [11, 8, 11.25, 7.5], "texture": "#2"}
			}
		},
		{
			"from": [9, 8.32554, 5.73995],
			"to": [9.5, 9.32554, 6.73995],
			"rotation": {"angle": 22.5, "axis": "x", "origin": [9.25, 8.57554, 6.98996]},
			"faces": {
				"north": {"uv": [9.25, 11.5, 9, 11], "texture": "#2"},
				"east": {"uv": [10.5, 6, 11, 6.5], "rotation": 90, "texture": "#2"},
				"west": {"uv": [10.5, 5.5, 11, 6], "rotation": 270, "texture": "#2"},
				"up": {"uv": [8.75, 11.5, 8.5, 11], "rotation": 180, "texture": "#2"},
				"down": {"uv": [11.25, 9, 11, 8.5], "texture": "#2"}
			}
		},
		{
			"from": [9, 8.32554, 6.73996],
			"to": [9.5, 9.32554, 7.73996],
			"rotation": {"angle": 22.5, "axis": "x", "origin": [9.25, 8.57554, 6.98996]},
			"faces": {
				"east": {"uv": [5, 10.5, 5.5, 11], "rotation": 90, "texture": "#2"},
				"south": {"uv": [7.75, 11, 7.5, 11.5], "rotation": 180, "texture": "#2"},
				"west": {"uv": [10.5, 4.5, 11, 5], "rotation": 270, "texture": "#2"},
				"up": {"uv": [11.25, 7.5, 11, 7], "rotation": 180, "texture": "#2"}
			}
		},
		{
			"from": [9, 7.32553, 6.73996],
			"to": [9.5, 8.32553, 7.73996],
			"rotation": {"angle": 22.5, "axis": "x", "origin": [9.25, 8.57554, 6.98996]},
			"faces": {
				"north": {"uv": [8.25, 11.5, 8, 11], "texture": "#2"},
				"east": {"uv": [5.5, 10.5, 6, 11], "rotation": 90, "texture": "#2"},
				"south": {"uv": [11.25, 8, 11, 8.5], "rotation": 180, "texture": "#2"},
				"west": {"uv": [10.5, 5, 11, 5.5], "rotation": 270, "texture": "#2"},
				"down": {"uv": [11.25, 8, 11, 7.5], "texture": "#2"}
			}
		},
		{
			"from": [9, 8.32554, 9.26005],
			"to": [9.5, 9.32554, 10.26005],
			"rotation": {"angle": -22.5, "axis": "x", "origin": [9.25, 8.57554, 9.01004]},
			"faces": {
				"east": {"uv": [10.5, 6.5, 11, 6], "rotation": 90, "texture": "#2"},
				"south": {"uv": [9, 11.5, 9.25, 11], "texture": "#2"},
				"west": {"uv": [10.5, 6, 11, 5.5], "rotation": 270, "texture": "#2"},
				"up": {"uv": [8.75, 11, 8.5, 11.5], "rotation": 180, "texture": "#2"},
				"down": {"uv": [11.25, 8.5, 11, 9], "texture": "#2"}
			}
		},
		{
			"from": [9, 8.32554, 8.26004],
			"to": [9.5, 9.32554, 9.26004],
			"rotation": {"angle": -22.5, "axis": "x", "origin": [9.25, 8.57554, 9.01004]},
			"faces": {
				"north": {"uv": [7.5, 11, 7.75, 11.5], "rotation": 180, "texture": "#2"},
				"east": {"uv": [5, 11, 5.5, 10.5], "rotation": 90, "texture": "#2"},
				"west": {"uv": [10.5, 5, 11, 4.5], "rotation": 270, "texture": "#2"},
				"up": {"uv": [11.25, 7, 11, 7.5], "rotation": 180, "texture": "#2"}
			}
		},
		{
			"from": [9, 7.32553, 8.26004],
			"to": [9.5, 8.32553, 9.26004],
			"rotation": {"angle": -22.5, "axis": "x", "origin": [9.25, 8.57554, 9.01004]},
			"faces": {
				"north": {"uv": [11, 8, 11.25, 8.5], "rotation": 180, "texture": "#2"},
				"east": {"uv": [5.5, 11, 6, 10.5], "rotation": 90, "texture": "#2"},
				"south": {"uv": [8, 11.5, 8.25, 11], "texture": "#2"},
				"west": {"uv": [10.5, 5.5, 11, 5], "rotation": 270, "texture": "#2"},
				"down": {"uv": [11.25, 7.5, 11, 8], "texture": "#2"}
			}
		},
		{
			"from": [8.75, 8.67132, 7.5],
			"to": [9.75, 9.67132, 8.5],
			"rotation": {"angle": -45, "axis": "x", "origin": [9.25, 9.17132, 8]},
			"faces": {
				"north": {"uv": [8, 8, 7.5, 8.5], "texture": "#2"},
				"east": {"uv": [8.5, 10, 8, 10.5], "texture": "#2"},
				"south": {"uv": [8, 10, 7.5, 10.5], "texture": "#2"},
				"up": {"uv": [10.5, 4.5, 11, 4], "texture": "#2"},
				"down": {"uv": [4.5, 10.5, 5, 11], "texture": "#2"}
			}
		},
		{
			"from": [9, 9.2493, 8.07798],
			"to": [9.5, 10.2493, 9.07798],
			"rotation": {"angle": -45, "axis": "x", "origin": [9.25, 9.17132, 8]},
			"faces": {
				"north": {"uv": [11.25, 7, 11, 7.5], "texture": "#2"},
				"east": {"uv": [5.5, 10.5, 5, 11], "texture": "#2"},
				"west": {"uv": [11, 4.5, 10.5, 5], "texture": "#2"},
				"down": {"uv": [7.5, 11, 7.75, 11.5], "texture": "#2"}
			}
		},
		{
			"from": [9, 10.39575, 8.43153],
			"to": [9.5, 11.39575, 9.43153],
			"rotation": {"angle": -45, "axis": "x", "origin": [9.25, 8.81777, 8.35355]},
			"faces": {
				"north": {"uv": [8.75, 11, 8.5, 11.5], "texture": "#2"},
				"east": {"uv": [11, 6, 10.5, 6.5], "texture": "#2"},
				"south": {"uv": [11.25, 8.5, 11, 9], "texture": "#2"},
				"west": {"uv": [11, 5.5, 10.5, 6], "texture": "#2"},
				"up": {"uv": [9, 11.5, 9.25, 11], "texture": "#2"}
			}
		},
		{
			"from": [9, 8.89575, 9.22443],
			"to": [9.5, 9.89575, 10.22443],
			"rotation": {"angle": -45, "axis": "x", "origin": [9.25, 8.81777, 7.64645]},
			"faces": {
				"east": {"uv": [6, 10.5, 5.5, 11], "texture": "#2"},
				"south": {"uv": [11.25, 7.5, 11, 8], "texture": "#2"},
				"west": {"uv": [11, 5, 10.5, 5.5], "texture": "#2"},
				"up": {"uv": [8, 11.5, 8.25, 11], "texture": "#2"},
				"down": {"uv": [11, 8, 11.25, 8.5], "texture": "#2"}
			}
		},
		{
			"from": [7.35, -0.15, 7.85],
			"to": [8.65, 1.15, 9.15],
			"rotation": {"angle": -45, "axis": "x", "origin": [7.5, 0, 8]},
			"faces": {
				"north": {"uv": [9.5, 5, 10.25, 5.75], "texture": "#2"},
				"east": {"uv": [9.5, 6, 10.25, 6.75], "texture": "#2"},
				"south": {"uv": [9.5, 7, 10.25, 7.75], "texture": "#2"},
				"west": {"uv": [9.5, 8, 10.25, 8.75], "texture": "#2"},
				"up": {"uv": [10.25, 9.75, 9.5, 9], "texture": "#2"},
				"down": {"uv": [10.75, 0, 10, 0.75], "texture": "#2"}
			}
		},
		{
			"from": [7.4, 0.9, 7.4],
			"to": [8.6, 2.1, 8.6],
			"rotation": {"angle": 0, "axis": "y", "origin": [7.5, 1, 7.5]},
			"faces": {
				"north": {"uv": [11, 7.5, 10.5, 8], "texture": "#2"},
				"east": {"uv": [10.5, 7.5, 11, 8], "texture": "#2"},
				"south": {"uv": [11, 7.5, 10.5, 8], "texture": "#2"},
				"west": {"uv": [10.5, 7.5, 11, 8], "texture": "#2"},
				"up": {"uv": [8.5, 11, 8, 10.5], "texture": "#2"}
			}
		},
		{
			"from": [7.4, 7.1, 7.4],
			"to": [8.6, 8.3, 8.6],
			"rotation": {"angle": 0, "axis": "y", "origin": [7.5, 7.2, 7.5]},
			"faces": {
				"north": {"uv": [9.5, 10.5, 9, 11], "texture": "#2"},
				"east": {"uv": [9, 10.5, 9.5, 11], "texture": "#2"},
				"south": {"uv": [9.5, 10.5, 9, 11], "texture": "#2"},
				"west": {"uv": [9, 10.5, 9.5, 11], "texture": "#2"},
				"down": {"uv": [11, 9, 10.5, 9.5], "texture": "#2"}
			}
		},
		{
			"from": [7.5, 2.1, 7.5],
			"to": [8.5, 7.1, 8.5],
			"rotation": {"angle": 0, "axis": "y", "origin": [7.5, 2.1, 7.5]},
			"faces": {
				"north": {"uv": [8.5, 6, 8, 8.5], "texture": "#2"},
				"east": {"uv": [8, 6, 8.5, 8.5], "texture": "#2"},
				"south": {"uv": [8.5, 6, 8, 8.5], "texture": "#2"},
				"west": {"uv": [8, 6, 8.5, 8.5], "texture": "#2"}
			}
		},
		{
			"from": [7.25, 7.50711, 7.75],
			"to": [8.75, 10.00711, 10.25],
			"rotation": {"angle": -45, "axis": "x", "origin": [7.5, 7.75711, 8]},
			"faces": {
				"north": {"uv": [7.5, 8.5, 8.25, 9.75], "texture": "#2"},
				"east": {"uv": [5, 7.5, 6.25, 8.75], "texture": "#2"},
				"south": {"uv": [8.5, 7.5, 9.25, 8.75], "texture": "#2"},
				"west": {"uv": [8, 2, 9.25, 3.25], "texture": "#2"},
				"up": {"uv": [5.75, 10.25, 5, 9], "texture": "#2"},
				"down": {"uv": [9.25, 9, 8.5, 10.25], "texture": "#2"}
			}
		},
		{
			"from": [7.7725, 9.5, 8],
			"to": [8.2275, 11.623, 10.123],
			"rotation": {"angle": -45, "axis": "x", "origin": [7.4975, 9.5, 8]},
			"faces": {
				"north": {"uv": [9.5, 10.5, 9.75, 11.5], "texture": "#2"},
				"east": {"uv": [8.5, 0, 9.5, 1], "texture": "#2"},
				"south": {"uv": [10, 10.5, 10.25, 11.5], "texture": "#2"},
				"west": {"uv": [8.5, 1, 9.5, 2], "texture": "#2"},
				"up": {"uv": [10.75, 11.5, 10.5, 10.5], "texture": "#2"},
				"down": {"uv": [11.25, 0, 11, 1], "texture": "#2"}
			}
		},
		{
			"from": [7.7725, 15.5, 8],
			"to": [8.2275, 17.623, 10.123],
			"rotation": {"angle": -45, "axis": "x", "origin": [7.4975, 15.5, 8]},
			"faces": {
				"north": {"uv": [11, 1, 11.25, 2], "texture": "#2"},
				"east": {"uv": [8.5, 3.5, 9.5, 4.5], "texture": "#2"},
				"south": {"uv": [11, 2, 11.25, 3], "texture": "#2"},
				"west": {"uv": [8.5, 4.5, 9.5, 5.5], "texture": "#2"},
				"up": {"uv": [3.25, 12, 3, 11], "texture": "#2"},
				"down": {"uv": [3.75, 11, 3.5, 12], "texture": "#2"}
			}
		},
		{
			"from": [7.775, 11.00119, 6.5],
			"to": [8.225, 17.00119, 9.5],
			"rotation": {"angle": 0, "axis": "y", "origin": [7.5, 11.40119, 9]},
			"faces": {
				"north": {"uv": [6, 9, 6.25, 12], "texture": "#2"},
				"east": {"uv": [5, 4.5, 6.5, 7.5], "texture": "#2"},
				"south": {"uv": [9.5, 0, 9.75, 3], "texture": "#2"},
				"west": {"uv": [6.5, 2, 8, 5], "texture": "#2"}
			}
		},
		{
			"from": [7.775, 17.00119, 7],
			"to": [8.225, 27.00119, 9],
			"rotation": {"angle": 0, "axis": "y", "origin": [7.5, 20.40119, 9]},
			"faces": {
				"north": {"uv": [6.5, 8, 6.75, 13], "texture": "#2"},
				"east": {"uv": [12.25, 3, 13.25, 8], "texture": "#2"},
				"south": {"uv": [7, 8, 7.25, 13], "texture": "#2"},
				"west": {"uv": [13.25, 3, 14.25, 8], "texture": "#2"}
			}
		},
		{
			"from": [7.7725, 26.00063, 8],
			"to": [8.2275, 27.41563, 9.415],
			"rotation": {"angle": -45, "axis": "x", "origin": [7.4975, 26.00063, 8]},
			"faces": {
				"north": {"uv": [5, 11, 5.25, 11.75], "texture": "#2"},
				"east": {"uv": [10, 1, 10.75, 1.75], "texture": "#2"},
				"south": {"uv": [11, 5, 11.25, 5.75], "texture": "#2"},
				"west": {"uv": [10, 2, 10.75, 2.75], "texture": "#2"},
				"up": {"uv": [5.75, 11.75, 5.5, 11], "texture": "#2"},
				"down": {"uv": [11.25, 6, 11, 6.75], "texture": "#2"}
			}
		},
		{
			"from": [6.5, 9.5, 1.5],
			"to": [9.5, 10, 4.5],
			"rotation": {"angle": 22.5, "axis": "x", "origin": [8, 9.0625, 3]},
			"faces": {
				"north": {"uv": [9.5, 10, 11, 10.25], "texture": "#2"},
				"east": {"uv": [3, 10.5, 4.5, 10.75], "texture": "#2"},
				"south": {"uv": [10.5, 3, 12, 3.25], "texture": "#2"},
				"west": {"uv": [10.5, 3.5, 12, 3.75], "texture": "#2"},
				"up": {"uv": [8, 6.5, 6.5, 5], "texture": "#2"},
				"down": {"uv": [8, 6.5, 6.5, 8], "texture": "#2"}
			}
		},
		{
			"from": [7, 10, 2],
			"to": [9, 10.25, 4],
			"rotation": {"angle": 22.5, "axis": "x", "origin": [8, 9.0625, 3]},
			"faces": {
				"north": {"uv": [10.5, 9.5, 11.5, 9.75], "texture": "#2"},
				"east": {"uv": [4, 11, 5, 11.25], "texture": "#2"},
				"south": {"uv": [11, 4, 12, 4.25], "texture": "#2"},
				"west": {"uv": [11, 4.5, 12, 4.75], "texture": "#2"},
				"up": {"uv": [9.5, 7.5, 8.5, 6.5], "texture": "#2"}
			}
		},
		{
			"from": [6.9, 7.9, 1.9],
			"to": [9.1, 9.5, 4.1],
			"rotation": {"angle": 22.5, "axis": "x", "origin": [8, 9.0625, 3]},
			"faces": {
				"north": {"uv": [3, 9.5, 4, 10.25], "texture": "#2"},
				"east": {"uv": [9.5, 3, 10.5, 3.75], "texture": "#2"},
				"south": {"uv": [4, 9.5, 5, 10.25], "texture": "#2"},
				"west": {"uv": [9.5, 4, 10.5, 4.75], "texture": "#2"},
				"down": {"uv": [9.5, 5.5, 8.5, 6.5], "texture": "#2"}
			}
		},
		{
			"from": [6.75, 7.75, 1.75],
			"to": [7.25, 8.25, 2.25],
			"rotation": {"angle": 22.5, "axis": "x", "origin": [8, 9.0625, 3]},
			"faces": {
				"north": {"uv": [2, 11.5, 2.25, 11.75], "texture": "#2"},
				"east": {"uv": [11.5, 2, 11.75, 2.25], "texture": "#2"},
				"south": {"uv": [2.5, 11.5, 2.75, 11.75], "texture": "#2"},
				"west": {"uv": [11.5, 2.5, 11.75, 2.75], "texture": "#2"},
				"up": {"uv": [4.25, 11.75, 4, 11.5], "texture": "#2"},
				"down": {"uv": [4.75, 11.5, 4.5, 11.75], "texture": "#2"}
			}
		},
		{
			"from": [8.75, 7.75, 1.75],
			"to": [9.25, 8.25, 2.25],
			"rotation": {"angle": 22.5, "axis": "x", "origin": [8, 9.0625, 3]},
			"faces": {
				"north": {"uv": [2.25, 11.5, 2, 11.75], "texture": "#2"},
				"east": {"uv": [11.75, 2.5, 11.5, 2.75], "texture": "#2"},
				"south": {"uv": [2.75, 11.5, 2.5, 11.75], "texture": "#2"},
				"west": {"uv": [11.75, 2, 11.5, 2.25], "texture": "#2"},
				"up": {"uv": [4, 11.75, 4.25, 11.5], "texture": "#2"},
				"down": {"uv": [4.5, 11.5, 4.75, 11.75], "texture": "#2"}
			}
		},
		{
			"from": [6.75, 7.75, 3.75],
			"to": [7.25, 8.25, 4.25],
			"rotation": {"angle": 22.5, "axis": "x", "origin": [8, 9.0625, 3]},
			"faces": {
				"north": {"uv": [2, 11.5, 2.25, 11.75], "texture": "#2"},
				"east": {"uv": [11.5, 2, 11.75, 2.25], "texture": "#2"},
				"south": {"uv": [2.5, 11.5, 2.75, 11.75], "texture": "#2"},
				"west": {"uv": [11.5, 2.5, 11.75, 2.75], "texture": "#2"},
				"up": {"uv": [4.25, 11.75, 4, 11.5], "texture": "#2"},
				"down": {"uv": [4.75, 11.5, 4.5, 11.75], "texture": "#2"}
			}
		},
		{
			"from": [8.75, 7.75, 3.75],
			"to": [9.25, 8.25, 4.25],
			"rotation": {"angle": 22.5, "axis": "x", "origin": [8, 9.0625, 3]},
			"faces": {
				"north": {"uv": [2.25, 11.5, 2, 11.75], "texture": "#2"},
				"east": {"uv": [11.75, 2.5, 11.5, 2.75], "texture": "#2"},
				"south": {"uv": [2.75, 11.5, 2.5, 11.75], "texture": "#2"},
				"west": {"uv": [11.75, 2, 11.5, 2.25], "texture": "#2"},
				"up": {"uv": [4, 11.75, 4.25, 11.5], "texture": "#2"},
				"down": {"uv": [4.5, 11.5, 4.75, 11.75], "texture": "#2"}
			}
		},
		{
			"from": [7, 8.89267, 0.44676],
			"to": [7.5, 9.39267, 1.44676],
			"rotation": {"angle": 45, "axis": "x", "origin": [8, 9.0625, 3]},
			"faces": {
				"north": {"uv": [11.5, 5, 11.75, 5.25], "texture": "#2"},
				"east": {"uv": [11, 9, 11.5, 9.25], "texture": "#2"},
				"west": {"uv": [11, 10, 11.5, 10.25], "texture": "#2"},
				"up": {"uv": [11.25, 11, 11, 10.5], "texture": "#2"},
				"down": {"uv": [11.25, 11, 11, 11.5], "texture": "#2"}
			}
		},
		{
			"from": [8.5, 8.89267, 0.44676],
			"to": [9, 9.39267, 1.44676],
			"rotation": {"angle": 45, "axis": "x", "origin": [8, 9.0625, 3]},
			"faces": {
				"north": {"uv": [11.5, 5.5, 11.75, 5.75], "texture": "#2"},
				"east": {"uv": [0, 11.5, 0.5, 11.75], "texture": "#2"},
				"west": {"uv": [11.5, 0, 12, 0.25], "texture": "#2"},
				"up": {"uv": [0.75, 12, 0.5, 11.5], "texture": "#2"},
				"down": {"uv": [11.75, 0.5, 11.5, 1], "texture": "#2"}
			}
		},
		{
			"from": [7.5, 8.89267, 0.44676],
			"to": [8.5, 9.39267, 0.94676],
			"rotation": {"angle": 45, "axis": "x", "origin": [8, 9.0625, 3]},
			"faces": {
				"north": {"uv": [1, 11.5, 1.5, 11.75], "texture": "#2"},
				"south": {"uv": [11.5, 1, 12, 1.25], "texture": "#2"},
				"up": {"uv": [2, 11.75, 1.5, 11.5], "texture": "#2"},
				"down": {"uv": [12, 1.5, 11.5, 1.75], "texture": "#2"}
			}
		},
		{
			"from": [7, 8.89267, 4.55324],
			"to": [7.5, 9.39267, 5.55324],
			"rotation": {"angle": 0, "axis": "x", "origin": [8, 9.14267, 5.17824]},
			"faces": {
				"east": {"uv": [11.5, 9, 11, 9.25], "texture": "#2"},
				"south": {"uv": [11.75, 5, 11.5, 5.25], "texture": "#2"},
				"west": {"uv": [11.5, 10, 11, 10.25], "texture": "#2"},
				"up": {"uv": [11.25, 10.5, 11, 11], "texture": "#2"},
				"down": {"uv": [11.25, 11.5, 11, 11], "texture": "#2"}
			}
		},
		{
			"from": [8.5, 8.89267, 4.55324],
			"to": [9, 9.39267, 5.55324],
			"rotation": {"angle": 0, "axis": "x", "origin": [8, 9.14267, 5.17824]},
			"faces": {
				"east": {"uv": [0.5, 11.5, 0, 11.75], "texture": "#2"},
				"south": {"uv": [11.75, 5.5, 11.5, 5.75], "texture": "#2"},
				"west": {"uv": [12, 0, 11.5, 0.25], "texture": "#2"},
				"up": {"uv": [0.75, 11.5, 0.5, 12], "texture": "#2"},
				"down": {"uv": [11.75, 1, 11.5, 0.5], "texture": "#2"}
			}
		},
		{
			"from": [6.5, 9.5, 11.5],
			"to": [9.5, 10, 14.5],
			"rotation": {"angle": -22.5, "axis": "x", "origin": [8, 9.0625, 13]},
			"faces": {
				"north": {"uv": [12, 3, 10.5, 3.25], "texture": "#2"},
				"east": {"uv": [4.5, 10.5, 3, 10.75], "texture": "#2"},
				"south": {"uv": [11, 10, 9.5, 10.25], "texture": "#2"},
				"west": {"uv": [12, 3.5, 10.5, 3.75], "texture": "#2"},
				"up": {"uv": [8, 5, 6.5, 6.5], "texture": "#2"},
				"down": {"uv": [8, 8, 6.5, 6.5], "texture": "#2"}
			}
		},
		{
			"from": [6.9, 7.9, 11.9],
			"to": [9.1, 9.5, 14.1],
			"rotation": {"angle": -22.5, "axis": "x", "origin": [8, 9.0625, 13]},
			"faces": {
				"north": {"uv": [5, 9.5, 4, 10.25], "texture": "#2"},
				"east": {"uv": [10.5, 3, 9.5, 3.75], "texture": "#2"},
				"south": {"uv": [4, 9.5, 3, 10.25], "texture": "#2"},
				"west": {"uv": [10.5, 4, 9.5, 4.75], "texture": "#2"},
				"down": {"uv": [9.5, 6.5, 8.5, 5.5], "texture": "#2"}
			}
		},
		{
			"from": [6.75, 7.75, 13.75],
			"to": [7.25, 8.25, 14.25],
			"rotation": {"angle": -22.5, "axis": "x", "origin": [8, 9.0625, 13]},
			"faces": {
				"north": {"uv": [2.75, 11.5, 2.5, 11.75], "texture": "#2"},
				"east": {"uv": [11.75, 2, 11.5, 2.25], "texture": "#2"},
				"south": {"uv": [2.25, 11.5, 2, 11.75], "texture": "#2"},
				"west": {"uv": [11.75, 2.5, 11.5, 2.75], "texture": "#2"},
				"up": {"uv": [4.25, 11.5, 4, 11.75], "texture": "#2"},
				"down": {"uv": [4.75, 11.75, 4.5, 11.5], "texture": "#2"}
			}
		},
		{
			"from": [7, 10, 12],
			"to": [9, 10.25, 14],
			"rotation": {"angle": -22.5, "axis": "x", "origin": [8, 9.0625, 13]},
			"faces": {
				"north": {"uv": [12, 4, 11, 4.25], "texture": "#2"},
				"east": {"uv": [5, 11, 4, 11.25], "texture": "#2"},
				"south": {"uv": [11.5, 9.5, 10.5, 9.75], "texture": "#2"},
				"west": {"uv": [12, 4.5, 11, 4.75], "texture": "#2"},
				"up": {"uv": [9.5, 6.5, 8.5, 7.5], "texture": "#2"}
			}
		},
		{
			"from": [7, 8.89267, 14.55324],
			"to": [7.5, 9.39267, 15.55324],
			"rotation": {"angle": -45, "axis": "x", "origin": [8, 9.0625, 13]},
			"faces": {
				"east": {"uv": [11.5, 9, 11, 9.25], "texture": "#2"},
				"south": {"uv": [11.75, 5, 11.5, 5.25], "texture": "#2"},
				"west": {"uv": [11.5, 10, 11, 10.25], "texture": "#2"},
				"up": {"uv": [11.25, 10.5, 11, 11], "texture": "#2"},
				"down": {"uv": [11.25, 11.5, 11, 11], "texture": "#2"}
			}
		},
		{
			"from": [8.5, 8.89267, 14.55324],
			"to": [9, 9.39267, 15.55324],
			"rotation": {"angle": -45, "axis": "x", "origin": [8, 9.0625, 13]},
			"faces": {
				"east": {"uv": [0.5, 11.5, 0, 11.75], "texture": "#2"},
				"south": {"uv": [11.75, 5.5, 11.5, 5.75], "texture": "#2"},
				"west": {"uv": [12, 0, 11.5, 0.25], "texture": "#2"},
				"up": {"uv": [0.75, 11.5, 0.5, 12], "texture": "#2"},
				"down": {"uv": [11.75, 1, 11.5, 0.5], "texture": "#2"}
			}
		},
		{
			"from": [7.5, 8.89267, 15.05324],
			"to": [8.5, 9.39267, 15.55324],
			"rotation": {"angle": -45, "axis": "x", "origin": [8, 9.0625, 13]},
			"faces": {
				"north": {"uv": [12, 1, 11.5, 1.25], "texture": "#2"},
				"south": {"uv": [1.5, 11.5, 1, 11.75], "texture": "#2"},
				"up": {"uv": [2, 11.5, 1.5, 11.75], "texture": "#2"},
				"down": {"uv": [12, 1.75, 11.5, 1.5], "texture": "#2"}
			}
		},
		{
			"from": [8.75, 7.75, 13.75],
			"to": [9.25, 8.25, 14.25],
			"rotation": {"angle": -22.5, "axis": "x", "origin": [8, 9.0625, 13]},
			"faces": {
				"north": {"uv": [2.5, 11.5, 2.75, 11.75], "texture": "#2"},
				"east": {"uv": [11.5, 2.5, 11.75, 2.75], "texture": "#2"},
				"south": {"uv": [2, 11.5, 2.25, 11.75], "texture": "#2"},
				"west": {"uv": [11.5, 2, 11.75, 2.25], "texture": "#2"},
				"up": {"uv": [4, 11.5, 4.25, 11.75], "texture": "#2"},
				"down": {"uv": [4.5, 11.75, 4.75, 11.5], "texture": "#2"}
			}
		},
		{
			"from": [8.75, 7.75, 11.75],
			"to": [9.25, 8.25, 12.25],
			"rotation": {"angle": -22.5, "axis": "x", "origin": [8, 9.0625, 13]},
			"faces": {
				"north": {"uv": [2.5, 11.5, 2.75, 11.75], "texture": "#2"},
				"east": {"uv": [11.5, 2.5, 11.75, 2.75], "texture": "#2"},
				"south": {"uv": [2, 11.5, 2.25, 11.75], "texture": "#2"},
				"west": {"uv": [11.5, 2, 11.75, 2.25], "texture": "#2"},
				"up": {"uv": [4, 11.5, 4.25, 11.75], "texture": "#2"},
				"down": {"uv": [4.5, 11.75, 4.75, 11.5], "texture": "#2"}
			}
		},
		{
			"from": [6.75, 7.75, 11.75],
			"to": [7.25, 8.25, 12.25],
			"rotation": {"angle": -22.5, "axis": "x", "origin": [8, 9.0625, 13]},
			"faces": {
				"north": {"uv": [2.75, 11.5, 2.5, 11.75], "texture": "#2"},
				"east": {"uv": [11.75, 2, 11.5, 2.25], "texture": "#2"},
				"south": {"uv": [2.25, 11.5, 2, 11.75], "texture": "#2"},
				"west": {"uv": [11.75, 2.5, 11.5, 2.75], "texture": "#2"},
				"up": {"uv": [4.25, 11.5, 4, 11.75], "texture": "#2"},
				"down": {"uv": [4.75, 11.75, 4.5, 11.5], "texture": "#2"}
			}
		},
		{
			"from": [8.5, 8.89267, 10.44676],
			"to": [9, 9.39267, 11.44676],
			"rotation": {"angle": 0, "axis": "x", "origin": [8, 9.14267, 10.82176]},
			"faces": {
				"north": {"uv": [11.5, 5.5, 11.75, 5.75], "texture": "#2"},
				"east": {"uv": [0, 11.5, 0.5, 11.75], "texture": "#2"},
				"west": {"uv": [11.5, 0, 12, 0.25], "texture": "#2"},
				"up": {"uv": [0.75, 12, 0.5, 11.5], "texture": "#2"},
				"down": {"uv": [11.75, 0.5, 11.5, 1], "texture": "#2"}
			}
		},
		{
			"from": [7, 8.89267, 10.44676],
			"to": [7.5, 9.39267, 11.44676],
			"rotation": {"angle": 0, "axis": "x", "origin": [8, 9.14267, 10.82176]},
			"faces": {
				"north": {"uv": [11.5, 5, 11.75, 5.25], "texture": "#2"},
				"east": {"uv": [11, 9, 11.5, 9.25], "texture": "#2"},
				"west": {"uv": [11, 10, 11.5, 10.25], "texture": "#2"},
				"up": {"uv": [11.25, 11, 11, 10.5], "texture": "#2"},
				"down": {"uv": [11.25, 11, 11, 11.5], "texture": "#2"}
			}
		},
		{
			"from": [7.5, 8.89267, 5.05324],
			"to": [8.5, 9.39267, 5.55324],
			"rotation": {"angle": 0, "axis": "x", "origin": [8, 9.14267, 5.17824]},
			"faces": {
				"north": {"uv": [12, 1, 11.5, 1.25], "texture": "#2"},
				"south": {"uv": [1.5, 11.5, 1, 11.75], "texture": "#2"},
				"up": {"uv": [2, 11.5, 1.5, 11.75], "texture": "#2"},
				"down": {"uv": [12, 1.75, 11.5, 1.5], "texture": "#2"}
			}
		},
		{
			"from": [7.5, 8.89267, 10.44676],
			"to": [8.5, 9.39267, 10.94676],
			"rotation": {"angle": 0, "axis": "x", "origin": [8, 9.14267, 10.82176]},
			"faces": {
				"north": {"uv": [1, 11.5, 1.5, 11.75], "texture": "#2"},
				"south": {"uv": [11.5, 1, 12, 1.25], "texture": "#2"},
				"up": {"uv": [2, 11.75, 1.5, 11.5], "texture": "#2"},
				"down": {"uv": [12, 1.5, 11.5, 1.75], "texture": "#2"}
			}
		},
		{
			"from": [7.985, 9.5, 5],
			"to": [8.015, 32, 11],
			"rotation": {"angle": 0, "axis": "y", "origin": [7.985, 10, 4.25]},
			"faces": {
				"east": {"uv": [3, 0, 0, 11.25], "texture": "#2"},
				"west": {"uv": [0, 0, 3, 11.25], "texture": "#2"}
			}
		},
		{
			"from": [7.15, 9.75266, 2.5],
			"to": [7.15, 13.75266, 13.5],
			"rotation": {"angle": 0, "axis": "y", "origin": [7.15, 9.75266, 2.5]},
			"faces": {
				"west": {"uv": [0, 12.5, 5.5, 14.5], "texture": "#2"}
			}
		},
		{
			"from": [8.85, 9.75266, 2.5],
			"to": [8.85, 13.75266, 13.5],
			"rotation": {"angle": 0, "axis": "y", "origin": [8.85, 9.75266, 2.5]},
			"faces": {
				"east": {"uv": [5.5, 12.5, 0, 14.5], "texture": "#2"}
			}
		},
		{
			"from": [7.985, -1.5, 5.75],
			"to": [8.015, 3, 10.25],
			"rotation": {"angle": 0, "axis": "y", "origin": [7.985, -1, 6.25]},
			"faces": {
				"east": {"uv": [14.5, 0, 12.25, 2.25], "texture": "#2"},
				"west": {"uv": [12.25, 0, 14.5, 2.25], "texture": "#2"}
			}
		},
		{
			"from": [6.1, 8.25, 4],
			"to": [6.1, 16.25, 12],
			"rotation": {"angle": 0, "axis": "y", "origin": [6.1, 8.25, 4]},
			"faces": {
				"west": {"uv": [0, 0, 16, 16], "texture": "#1"}
			}
		},
		{
			"from": [9.9, 8.25, 4],
			"to": [9.9, 16.25, 12],
			"rotation": {"angle": 0, "axis": "y", "origin": [9.9, 8.25, 4]},
			"faces": {
				"east": {"uv": [16, 0, 0, 16], "texture": "#1"}
			}
		}
	],
	"gui_light": "front",
	"display": {
		"thirdperson_righthand": {
			"translation": [0, 0.75, 1]
		},
		"thirdperson_lefthand": {
			"translation": [0, 0.75, 1]
		},
		"firstperson_righthand": {
			"rotation": [-10, 0, 0],
			"translation": [1, -0.25, -1.5]
		},
		"firstperson_lefthand": {
			"rotation": [-10, 0, 0],
			"translation": [1, -0.25, -1.5]
		},
		"ground": {
			"rotation": [-45, 0, 0],
			"translation": [0, 5, 0],
			"scale": [0.7, 0.7, 0.7]
		},
		"gui": {
			"rotation": [-90, 45, 90],
			"translation": [3.25, -3.25, 0],
			"scale": [0.7, 0.7, 0.7]
		},
		"head": {
			"rotation": [0, -90, 0]
		},
		"fixed": {
			"rotation": [0, -90, 0],
			"translation": [0, 0, -1.5],
			"scale": [2, 2, 2]
		}
	}
}