{
	"credit": "Made with Blockbench",
	"texture_size": [32, 32],
	"textures": {
		"1": "saintpatricksset2024:wings",
		"2": "saintpatricksset2024:animations/animation_1",
		"particle": "saintpatricksset2024:animations/animation_1"
	},
	"elements": [
		{
			"from": [7.7388, 7.00261, 11.57691],
			"to": [23.7388, 23.00261, 11.60691],
			"rotation": {"angle": -22.5, "axis": "y", "origin": [17.7388, 7.00261, 11.57691]},
			"faces": {
				"north": {"uv": [0, 0, 8, 8], "texture": "#1"},
				"south": {"uv": [8, 0, 0, 8], "texture": "#1"}
			}
		},
		{
			"from": [8.5, -5.50261, 10.23752],
			"to": [21.5, 7.49739, 10.26752],
			"rotation": {"angle": -22.5, "axis": "x", "origin": [15, 0.99739, 10.23752]},
			"faces": {
				"north": {"uv": [0, 8.5, 6.5, 15], "texture": "#1"},
				"south": {"uv": [6.5, 8.5, 0, 15], "texture": "#1"}
			}
		},
		{
			"from": [-7.7388, 7.00261, 11.57691],
			"to": [8.2612, 23.00261, 11.60691],
			"rotation": {"angle": 22.5, "axis": "y", "origin": [-1.7388, 7.00261, 11.57691]},
			"faces": {
				"north": {"uv": [8, 0, 0, 8], "texture": "#1"},
				"south": {"uv": [0, 0, 8, 8], "texture": "#1"}
			}
		},
		{
			"from": [-5.5, -5.50261, 10.23752],
			"to": [7.5, 7.49739, 10.26752],
			"rotation": {"angle": -22.5, "axis": "x", "origin": [1, 0.99739, 10.23752]},
			"faces": {
				"north": {"uv": [6.5, 8.5, 0, 15], "texture": "#1"},
				"south": {"uv": [0, 8.5, 6.5, 15], "texture": "#1"}
			}
		},
		{
			"from": [8.25, 4.42157, 7.5],
			"to": [11.75, 7.92157, 8.5],
			"rotation": {"angle": 45, "axis": "z", "origin": [8, 4.17157, 7.5]},
			"faces": {
				"north": {"uv": [8.5, 0.5, 10.25, 2.25], "texture": "#1"},
				"east": {"uv": [9.5, 8.5, 10, 10.25], "texture": "#1"},
				"south": {"uv": [8.5, 2.5, 10.25, 4.25], "texture": "#1"},
				"west": {"uv": [10, 4.5, 10.5, 6.25], "texture": "#1"},
				"up": {"uv": [11.75, 7, 10, 6.5], "texture": "#1"},
				"down": {"uv": [8.75, 10, 7, 10.5], "texture": "#1"}
			}
		},
		{
			"from": [8.75, 4.92157, 7],
			"to": [11.25, 7.42157, 9],
			"rotation": {"angle": 45, "axis": "z", "origin": [8, 4.17157, 7.5]},
			"faces": {
				"north": {"uv": [8.5, 4.5, 9.75, 5.75], "texture": "#1"},
				"east": {"uv": [7, 8.5, 8, 9.75], "texture": "#1"},
				"south": {"uv": [8.5, 6, 9.75, 7.25], "texture": "#1"},
				"west": {"uv": [8.5, 7.5, 9.5, 8.75], "texture": "#1"},
				"up": {"uv": [9.25, 10, 8, 9], "texture": "#1"},
				"down": {"uv": [10.75, 7.5, 9.5, 8.5], "texture": "#1"}
			}
		},
		{
			"from": [13.35, 11.75, 9.75],
			"to": [21.35, 19.75, 9.75],
			"rotation": {"angle": -22.5, "axis": "y", "origin": [16.1, 14, 8.25]},
			"faces": {
				"north": {"uv": [0, 0, 16, 16], "texture": "#2"}
			}
		},
		{
			"from": [13.35, 11.75, 11.75],
			"to": [21.35, 19.75, 11.75],
			"rotation": {"angle": -22.5, "axis": "y", "origin": [16.1, 14, 8.25]},
			"faces": {
				"south": {"uv": [0, 0, 16, 16], "texture": "#2"}
			}
		},
		{
			"from": [-5.35, 11.75, 11.75],
			"to": [2.65, 19.75, 11.75],
			"rotation": {"angle": 22.5, "axis": "y", "origin": [-0.1, 14, 8.25]},
			"faces": {
				"south": {"uv": [16, 0, 0, 16], "texture": "#2"}
			}
		},
		{
			"from": [11.5, -2.98568, 9.08633],
			"to": [19.5, 5.01432, 9.08633],
			"rotation": {"angle": -22.5, "axis": "x", "origin": [11.25, 2.26432, 11.33633]},
			"faces": {
				"north": {"uv": [0, 0, 16, 16], "texture": "#2"}
			}
		},
		{
			"from": [11.5, -2.98568, 10.58633],
			"to": [19.5, 5.01432, 10.58633],
			"rotation": {"angle": -22.5, "axis": "x", "origin": [11.25, 2.26432, 11.33633]},
			"faces": {
				"south": {"uv": [0, 0, 16, 16], "texture": "#2"}
			}
		},
		{
			"from": [-3.5, -2.98568, 10.58633],
			"to": [4.5, 5.01432, 10.58633],
			"rotation": {"angle": -22.5, "axis": "x", "origin": [4.75, 2.26432, 11.33633]},
			"faces": {
				"south": {"uv": [16, 0, 0, 16], "texture": "#2"}
			}
		},
		{
			"from": [-3.5, -2.98568, 9.08633],
			"to": [4.5, 5.01432, 9.08633],
			"rotation": {"angle": -22.5, "axis": "x", "origin": [4.75, 2.26432, 11.33633]},
			"faces": {
				"north": {"uv": [16, 0, 0, 16], "texture": "#2"}
			}
		},
		{
			"from": [-5.35, 11.75, 9.75],
			"to": [2.65, 19.75, 9.75],
			"rotation": {"angle": 22.5, "axis": "y", "origin": [-0.1, 14, 8.25]},
			"faces": {
				"north": {"uv": [16, 0, 0, 16], "texture": "#2"}
			}
		}
	],
	"gui_light": "front",
	"display": {
		"thirdperson_righthand": {
			"rotation": [-137.5, 0, -180],
			"translation": [0, 1.25, 0.25],
			"scale": [0.7, 0.7, 0.7]
		},
		"thirdperson_lefthand": {
			"rotation": [67.25, 0, 0],
			"translation": [-5.5, -6.75, 10.25],
			"scale": [1.1, 1.1, 1.1]
		},
		"firstperson_righthand": {
			"rotation": [-26, 180, 0],
			"translation": [1.25, 1.75, 1.5],
			"scale": [0.67773, 0.67773, 0.67773]
		},
		"firstperson_lefthand": {
			"rotation": [-26, 180, 0],
			"translation": [1.25, 1.75, 1.5],
			"scale": [0, 0, 0]
		},
		"ground": {
			"rotation": [-45, 0, 0],
			"translation": [0, 5, 0]
		},
		"gui": {
			"rotation": [0, 180, 0],
			"translation": [0, -0.5, 0],
			"scale": [0.58984, 0.58984, 0.58984]
		},
		"head": {
			"translation": [0, -12.25, 7.25],
			"scale": [2, 2, 2]
		},
		"fixed": {
			"rotation": [0, 180, 0],
			"translation": [0, 4, -2.25],
			"scale": [2, 2, 2]
		}
	}
}