{"credit":"MadebyPolygonMC","texture_size":[32,32],"textures":{"0":"thunderboltset:chest","1":"thunderboltset:animation_2","particle":"thunderboltset:chest"},"elements":[{"from":[4,6,4],"to":[12,7,12],"rotation":{"angle":0,"axis":"x","origin":[8,6,12]},"faces":{"north":{"uv":[12,3.5,16,4],"texture":"#0"},"east":{"uv":[12,3.5,16,4],"texture":"#0"},"south":{"uv":[12,3.5,16,4],"texture":"#0"},"west":{"uv":[12,3.5,16,4],"texture":"#0"},"up":{"uv":[4,12,0,8],"texture":"#0"},"down":{"uv":[8,0,4,4],"texture":"#0"}}},{"from":[4.75,7,4.75],"to":[11.25,9,11.25],"rotation":{"angle":0,"axis":"x","origin":[8,6,12]},"faces":{"north":{"uv":[11.5,9.5,14.75,10.5],"texture":"#0"},"east":{"uv":[11.5,10.5,14.75,11.5],"texture":"#0"},"south":{"uv":[11.5,11.5,14.75,12.5],"texture":"#0"},"west":{"uv":[0,12,3.25,13],"texture":"#0"},"up":{"uv":[7.25,11.25,4,8],"texture":"#0"}}},{"from":[5,7,4.5],"to":[6.25,9.25,11.5],"rotation":{"angle":0,"axis":"x","origin":[8,6,12]},"faces":{"north":{"uv":[5.5,13,6.125,14.125],"texture":"#0"},"east":{"uv":[4,11.5,7.5,12.625],"texture":"#0"},"south":{"uv":[13,5.5,13.625,6.625],"texture":"#0"},"west":{"uv":[11.5,8,15,9.125],"texture":"#0"},"up":{"uv":[12.625,3.5,12,0],"texture":"#0"}}},{"from":[2.75,7,5.75],"to":[4.75,11,5.75],"rotation":{"angle":0,"axis":"x","origin":[8,6,12]},"faces":{"north":{"uv":[12,5.5,13,7.5],"texture":"#0"},"east":{"uv":[0,0,0,2],"texture":"#0"},"south":{"uv":[13,5.5,12,7.5],"texture":"#0"},"west":{"uv":[0,0,0,2],"texture":"#0"},"up":{"uv":[1,0,0,0],"texture":"#0"},"down":{"uv":[1,0,0,0],"texture":"#0"}}},{"from":[9.75,7,4.5],"to":[11,9.25,11.5],"rotation":{"angle":0,"axis":"x","origin":[8,6,12]},"faces":{"north":{"uv":[6.125,13,5.5,14.125],"texture":"#0"},"east":{"uv":[15,8,11.5,9.125],"texture":"#0"},"south":{"uv":[13.625,5.5,13,6.625],"texture":"#0"},"west":{"uv":[7.5,11.5,4,12.625],"texture":"#0"},"up":{"uv":[12,3.5,12.625,0],"texture":"#0"}}},{"from":[2.75,7,10.25],"to":[4.75,11,10.25],"rotation":{"angle":0,"axis":"x","origin":[8,6,12]},"faces":{"north":{"uv":[12,5.5,13,7.5],"texture":"#0"},"east":{"uv":[0,0,0,2],"texture":"#0"},"south":{"uv":[13,5.5,12,7.5],"texture":"#0"},"west":{"uv":[0,0,0,2],"texture":"#0"},"up":{"uv":[1,0,0,0],"texture":"#0"},"down":{"uv":[1,0,0,0],"texture":"#0"}}},{"from":[11.25,7,5.75],"to":[13.25,11,5.75],"rotation":{"angle":0,"axis":"x","origin":[8,6,12]},"faces":{"north":{"uv":[13,5.5,12,7.5],"texture":"#0"},"east":{"uv":[0,0,0,2],"texture":"#0"},"south":{"uv":[12,5.5,13,7.5],"texture":"#0"},"west":{"uv":[0,0,0,2],"texture":"#0"},"up":{"uv":[0,0,1,0],"texture":"#0"},"down":{"uv":[0,0,1,0],"texture":"#0"}}},{"from":[11.25,7,10.25],"to":[13.25,11,10.25],"rotation":{"angle":0,"axis":"x","origin":[8,6,12]},"faces":{"north":{"uv":[13,5.5,12,7.5],"texture":"#0"},"east":{"uv":[0,0,0,2],"texture":"#0"},"south":{"uv":[12,5.5,13,7.5],"texture":"#0"},"west":{"uv":[0,0,0,2],"texture":"#0"},"up":{"uv":[0,0,1,0],"texture":"#0"},"down":{"uv":[0,0,1,0],"texture":"#0"}}},{"from":[11.6,2.5,12],"to":[11.6,6.5,13],"rotation":{"angle":0,"axis":"y","origin":[8,4.5,8]},"faces":{"north":{"uv":[0,0,0,2],"texture":"#0"},"east":{"uv":[5.5,13,5,15],"texture":"#0"},"south":{"uv":[0,0,0,2],"texture":"#0"},"west":{"uv":[5,13,5.5,15],"texture":"#0"},"up":{"uv":[0.5,0,0,0],"rotation":270,"texture":"#0"},"down":{"uv":[0.5,0,0,0],"rotation":90,"texture":"#0"}}},{"from":[3,0,3],"to":[5,2,5],"faces":{"north":{"uv":[0,13,1,14],"texture":"#0"},"east":{"uv":[2,13,3,14],"texture":"#0"},"south":{"uv":[3,13,2,14],"texture":"#0"},"west":{"uv":[0,13,1,14],"rotation":90,"texture":"#0"},"up":{"uv":[3,14,2,13],"texture":"#0"},"down":{"uv":[1,13,0,14],"texture":"#0"}}},{"from":[11,0,3],"to":[13,2,5],"rotation":{"angle":0,"axis":"y","origin":[16,0,0]},"faces":{"north":{"uv":[1,13,0,14],"texture":"#0"},"east":{"uv":[0,14,1,13],"rotation":90,"texture":"#0"},"south":{"uv":[2,13,3,14],"texture":"#0"},"west":{"uv":[3,13,2,14],"texture":"#0"},"up":{"uv":[2,14,3,13],"texture":"#0"},"down":{"uv":[0,13,1,14],"texture":"#0"}}},{"from":[11,0,11],"to":[13,2,13],"rotation":{"angle":0,"axis":"y","origin":[16,0,16]},"faces":{"north":{"uv":[3,13,2,14],"texture":"#0"},"east":{"uv":[0,13,1,14],"rotation":90,"texture":"#0"},"south":{"uv":[0,13,1,14],"texture":"#0"},"west":{"uv":[2,13,3,14],"texture":"#0"},"up":{"uv":[2,13,3,14],"texture":"#0"},"down":{"uv":[0,14,1,13],"texture":"#0"}}},{"from":[3,0,11],"to":[5,2,13],"rotation":{"angle":0,"axis":"y","origin":[0,0,16]},"faces":{"north":{"uv":[2,13,3,14],"texture":"#0"},"east":{"uv":[3,13,2,14],"texture":"#0"},"south":{"uv":[1,13,0,14],"texture":"#0"},"west":{"uv":[0,14,1,13],"rotation":90,"texture":"#0"},"up":{"uv":[3,13,2,14],"texture":"#0"},"down":{"uv":[1,14,0,13],"texture":"#0"}}},{"from":[4,1,4],"to":[12,3,12],"rotation":{"angle":0,"axis":"y","origin":[16,0,0]},"faces":{"north":{"uv":[8,4,12,5],"texture":"#0"},"east":{"uv":[8,4,12,5],"texture":"#0"},"south":{"uv":[8,4,12,5],"texture":"#0"},"west":{"uv":[8,4,12,5],"texture":"#0"},"up":{"uv":[4,4,0,0],"texture":"#0"},"down":{"uv":[4,4,0,8],"texture":"#0"}}},{"from":[4,4,4],"to":[12,6,12],"rotation":{"angle":0,"axis":"y","origin":[16,0,0]},"faces":{"north":{"uv":[7.5,8,11.5,9],"texture":"#0"},"east":{"uv":[7.5,9,11.5,10],"texture":"#0"},"south":{"uv":[7.5,10,11.5,11],"texture":"#0"},"west":{"uv":[7.5,11,11.5,12],"texture":"#0"},"up":{"uv":[8,4,4,0],"texture":"#0"},"down":{"uv":[8,0,4,4],"texture":"#0"}}},{"from":[4.4,3,4.4],"to":[11.6,4,11.6],"rotation":{"angle":0,"axis":"y","origin":[16,0,0]},"faces":{"north":{"uv":[7.5,12,11.125,12.5],"texture":"#0"},"east":{"uv":[7.5,12,11.125,12.5],"texture":"#0"},"south":{"uv":[7.5,12,11.125,12.5],"texture":"#0"},"west":{"uv":[7.5,12,11.125,12.5],"texture":"#0"}}},{"from":[7,5,3],"to":[9,7,4],"rotation":{"angle":0,"axis":"y","origin":[7,0,0]},"faces":{"north":{"uv":[3,13,4,14],"texture":"#0"},"east":{"uv":[3.5,12,4,13],"texture":"#0"},"south":{"uv":[4,13,5,14],"texture":"#0"},"west":{"uv":[6.5,13,7,14],"texture":"#0"},"up":{"uv":[14,3.5,13,3],"texture":"#0"},"down":{"uv":[8,13,7,13.5],"texture":"#0"}}},{"from":[3,2.5,4.4],"to":[4,6.5,4.4],"faces":{"north":{"uv":[5,13,5.5,15],"texture":"#0"},"east":{"uv":[0,0,0,2],"texture":"#0"},"south":{"uv":[5.5,13,5,15],"texture":"#0"},"west":{"uv":[0,0,0,2],"texture":"#0"},"up":{"uv":[0.5,0,0,0],"texture":"#0"},"down":{"uv":[0.5,0,0,0],"texture":"#0"}}},{"from":[3,2.5,11.6],"to":[4,6.5,11.6],"rotation":{"angle":0,"axis":"y","origin":[0,0,16]},"faces":{"north":{"uv":[5,13,5.5,15],"texture":"#0"},"east":{"uv":[0,0,0,2],"texture":"#0"},"south":{"uv":[5.5,13,5,15],"texture":"#0"},"west":{"uv":[0,0,0,2],"texture":"#0"},"up":{"uv":[0.5,0,0,0],"texture":"#0"},"down":{"uv":[0.5,0,0,0],"texture":"#0"}}},{"from":[12,2.5,11.6],"to":[13,6.5,11.6],"rotation":{"angle":0,"axis":"y","origin":[16,0,16]},"faces":{"north":{"uv":[5.5,13,5,15],"texture":"#0"},"east":{"uv":[0,0,0,2],"texture":"#0"},"south":{"uv":[5,13,5.5,15],"texture":"#0"},"west":{"uv":[0,0,0,2],"texture":"#0"},"up":{"uv":[0,0,0.5,0],"texture":"#0"},"down":{"uv":[0,0,0.5,0],"texture":"#0"}}},{"from":[12,2.5,4.4],"to":[13,6.5,4.4],"rotation":{"angle":0,"axis":"y","origin":[16,0,0]},"faces":{"north":{"uv":[5.5,13,5,15],"texture":"#0"},"east":{"uv":[0,0,0,2],"texture":"#0"},"south":{"uv":[5,13,5.5,15],"texture":"#0"},"west":{"uv":[0,0,0,2],"texture":"#0"},"up":{"uv":[0,0,0.5,0],"texture":"#0"},"down":{"uv":[0,0,0.5,0],"texture":"#0"}}},{"from":[4.4,2.5,12],"to":[4.4,6.5,13],"rotation":{"angle":0,"axis":"y","origin":[8,4.5,8]},"faces":{"north":{"uv":[0,0,0,2],"texture":"#0"},"east":{"uv":[5.5,13,5,15],"texture":"#0"},"south":{"uv":[0,0,0,2],"texture":"#0"},"west":{"uv":[5,13,5.5,15],"texture":"#0"},"up":{"uv":[0.5,0,0,0],"rotation":270,"texture":"#0"},"down":{"uv":[0.5,0,0,0],"rotation":90,"texture":"#0"}}},{"from":[4.4,2.5,3],"to":[4.4,6.5,4],"rotation":{"angle":0,"axis":"y","origin":[8,4.5,8]},"faces":{"north":{"uv":[0,0,0,2],"texture":"#0"},"east":{"uv":[5,13,5.5,15],"texture":"#0"},"south":{"uv":[0,0,0,2],"texture":"#0"},"west":{"uv":[5.5,13,5,15],"texture":"#0"},"up":{"uv":[0,0,0.5,0],"rotation":270,"texture":"#0"},"down":{"uv":[0,0,0.5,0],"rotation":90,"texture":"#0"}}},{"from":[11.6,2.5,3],"to":[11.6,6.5,4],"rotation":{"angle":0,"axis":"y","origin":[8,4.5,8]},"faces":{"north":{"uv":[0,0,0,2],"texture":"#0"},"east":{"uv":[5,13,5.5,15],"texture":"#0"},"south":{"uv":[0,0,0,2],"texture":"#0"},"west":{"uv":[5.5,13,5,15],"texture":"#0"},"up":{"uv":[0,0,0.5,0],"rotation":270,"texture":"#0"},"down":{"uv":[0,0,0.5,0],"rotation":90,"texture":"#0"}}},{"from":[6.5,4.5,2.9],"to":[9.5,7.5,2.9],"rotation":{"angle":0,"axis":"y","origin":[6.5,4.5,2.9]},"faces":{"north":{"uv":[0,0,11.5,11.5],"texture":"#1"},"east":{"uv":[0,0,0,1.5],"texture":"#missing"},"west":{"uv":[0,0,0,1.5],"texture":"#missing"},"up":{"uv":[0,0,1.5,0],"texture":"#missing"},"down":{"uv":[0,0,1.5,0],"texture":"#missing"}}}],"gui_light":"front","display":{"thirdperson_righthand":{"rotation":[63,0,0],"translation":[0,3.5,3.5],"scale":[0.71875,0.71875,0.71875]},"thirdperson_lefthand":{"rotation":[63,0,0],"translation":[0,3.5,3.5],"scale":[0.71875,0.71875,0.71875]},"firstperson_righthand":{"rotation":[-19,180,0],"translation":[-2.75,6.25,-0.25]},"firstperson_lefthand":{"rotation":[-19,180,0],"translation":[-2.75,6.25,-0.25]},"ground":{"translation":[0,10.25,0],"scale":[1.26172,1.26172,1.26172]},"gui":{"rotation":[23,135,0],"translation":[0,3.75,0],"scale":[1.24805,1.24805,1.24805]},"head":{"translation":[0,-20.25,0],"scale":[2.87891,2.87891,2.87891]},"fixed":{"rotation":[-90,0,0],"translation":[0,0,-30.75],"scale":[4,4,4]}},"groups":[{"name":"group","origin":[15.25,0,15.65],"color":0,"children":[0,1,2,3,4,5,6,7]},{"name":"group","origin":[8,4.5,8],"color":0,"children":[8,9,10,11,12,13,14,15,16,17,18,19,20,21,22,23]},24]}