{"credit":"MadebyPolygonMC","texture_size":[12,12],"textures":{"0":"thunderboltset:key","2":"thunderboltset:animation_4","particle":"thunderboltset:key"},"elements":[{"from":[7.4,6.58579,10.9875],"to":[8.6,8.58579,12.9875],"rotation":{"angle":-45,"axis":"x","origin":[7.5,6.58579,10.9875]},"faces":{"north":{"uv":[9.33333,5.33333,11,8],"texture":"#0"},"east":{"uv":[0,2.66667,2.66667,5.33333],"texture":"#0"},"south":{"uv":[6.66667,9.33333,8.33333,12],"texture":"#0"},"west":{"uv":[2.66667,2.66667,5.33333,5.33333],"texture":"#0"},"up":{"uv":[11,10.66667,9.33333,8],"texture":"#0"},"down":{"uv":[1.66667,10.66667,0,13.33333],"texture":"#0"}}},{"from":[7.1,6.88579,11.2875],"to":[8.9,8.28579,12.6875],"rotation":{"angle":-45,"axis":"x","origin":[7.5,6.58579,10.9875]},"faces":{"north":{"uv":[6.66667,6.66667,9,8.66667],"texture":"#0"},"east":{"uv":[10.66667,2.66667,12.66667,4.66667],"texture":"#0"},"south":{"uv":[0,8,2.33333,10],"texture":"#0"},"west":{"uv":[9.33333,10.66667,11.33333,12.66667],"texture":"#0"},"up":{"uv":[10.33333,4.66667,8,2.66667],"texture":"#0"},"down":{"uv":[11.66667,0,9.33333,2],"texture":"#0"}}},{"from":[7.5,7.5,9.1875],"to":[8.5,8.5,10.1875],"rotation":{"angle":0,"axis":"x","origin":[7.5,7.5,8.1875]},"faces":{"north":{"uv":[4,5.33333,5.33333,6.66667],"texture":"#0"},"east":{"uv":[8,5.33333,9.33333,6.66667],"texture":"#0"},"west":{"uv":[5.33333,10.66667,6.66667,12],"texture":"#0"},"up":{"uv":[9.33333,13.33333,8,12],"texture":"#0"},"down":{"uv":[13.33333,9.33333,12,10.66667],"texture":"#0"}}},{"from":[7.6,7.6,8.1875],"to":[8.4,8.4,9.1875],"rotation":{"angle":0,"axis":"x","origin":[7.5,7.5,7.1875]},"faces":{"east":{"uv":[13.33333,4,14.66667,5],"texture":"#0"},"west":{"uv":[13.33333,5.33333,14.66667,6.33333],"texture":"#0"},"up":{"uv":[14.33333,8,13.33333,6.66667],"texture":"#0"},"down":{"uv":[9,13.33333,8,14.66667],"texture":"#0"}}},{"from":[7.5,7.5,7.1875],"to":[8.5,8.5,8.1875],"rotation":{"angle":0,"axis":"x","origin":[8,8,7.6875]},"faces":{"east":{"uv":[12,10.66667,13.33333,12],"texture":"#0"},"south":{"uv":[12,12,13.33333,13.33333],"texture":"#0"},"west":{"uv":[0,13.33333,1.33333,14.66667],"texture":"#0"},"up":{"uv":[2.66667,14.66667,1.33333,13.33333],"texture":"#0"},"down":{"uv":[14.66667,2.66667,13.33333,4],"texture":"#0"}}},{"from":[7.4,7.4,4.6875],"to":[8.6,8.6,7.1875],"rotation":{"angle":0,"axis":"z","origin":[8,8,6.1875]},"faces":{"north":{"uv":[12,0,13.66667,1.66667],"texture":"#0"},"east":{"uv":[0,5.33333,3.33333,7],"texture":"#0"},"south":{"uv":[5.33333,12,7,13.66667],"texture":"#0"},"west":{"uv":[5.33333,0,8.66667,1.66667],"texture":"#0"},"up":{"uv":[7,6,5.33333,2.66667],"texture":"#0"},"down":{"uv":[5.66667,6.66667,4,10],"texture":"#0"}}},{"from":[7.75,6.75,5.3875],"to":[8.25,9.25,6.3875],"rotation":{"angle":0,"axis":"z","origin":[8,8,5.4375]},"faces":{"north":{"uv":[2.66667,12,3.33333,15.33333],"texture":"#0"},"east":{"uv":[2.66667,8,4,11.33333],"texture":"#0"},"south":{"uv":[12,5.33333,12.66667,8.66667],"texture":"#0"},"west":{"uv":[4,10.66667,5.33333,14],"texture":"#0"},"up":{"uv":[14,9.33333,13.33333,8],"texture":"#0"},"down":{"uv":[10,13.33333,9.33333,14.66667],"texture":"#0"}}},{"from":[8,8.4,3.0125],"to":[8,10.4,7.0125],"rotation":{"angle":0,"axis":"z","origin":[8.35,8.5,4.9625]},"faces":{"north":{"uv":[0,0,0,2.66667],"texture":"#0"},"east":{"uv":[5.33333,0,0,2.66667],"texture":"#0"},"south":{"uv":[0,0,0,2.66667],"texture":"#0"},"west":{"uv":[0,0,5.33333,2.66667],"texture":"#0"},"up":{"uv":[0,5.33333,0,0],"texture":"#0"},"down":{"uv":[0,0,0,5.33333],"texture":"#0"}}},{"from":[8,5.6,3.0125],"to":[8,7.6,7.0125],"rotation":{"angle":0,"axis":"z","origin":[8.35,7.5,4.9625]},"faces":{"north":{"uv":[0,2.66667,0,0],"texture":"#0"},"east":{"uv":[5.33333,2.66667,0,0],"texture":"#0"},"south":{"uv":[0,2.66667,0,0],"texture":"#0"},"west":{"uv":[0,2.66667,5.33333,0],"texture":"#0"},"up":{"uv":[0,5.33333,0,0],"texture":"#0"},"down":{"uv":[0,0,0,5.33333],"texture":"#0"}}},{"from":[8,8.7,9],"to":[8,11.7,16],"rotation":{"angle":-22.5,"axis":"x","origin":[8,10.2,12.5]},"faces":{"north":{"uv":[0,0,0,4],"texture":"#2"},"east":{"uv":[9.33333,5.33333,0,9.33333],"texture":"#2"},"south":{"uv":[0,0,0,4],"texture":"#2"},"west":{"uv":[0,5.33333,9.33333,9.33333],"texture":"#2"},"up":{"uv":[0,9.33333,0,0],"texture":"#2"},"down":{"uv":[0,0,0,9.33333],"texture":"#2"}}},{"from":[8,4.3,9],"to":[8,7.3,16],"rotation":{"angle":22.5,"axis":"x","origin":[8,5.8,12.5]},"faces":{"north":{"uv":[0,4,0,0],"texture":"#2"},"east":{"uv":[9.33333,9.33333,0,5.33333],"texture":"#2"},"south":{"uv":[0,4,0,0],"texture":"#2"},"west":{"uv":[0,9.33333,9.33333,5.33333],"texture":"#2"},"up":{"uv":[0,9.33333,0,0],"texture":"#2"},"down":{"uv":[0,0,0,9.33333],"texture":"#2"}}}],"gui_light":"front","display":{"thirdperson_righthand":{"rotation":[64,0,0],"translation":[0,2.5,-1.25]},"thirdperson_lefthand":{"rotation":[64,0,0],"translation":[0,2.5,-1.25]},"firstperson_righthand":{"rotation":[54,0,-29],"translation":[-2.5,5.75,3.25]},"firstperson_lefthand":{"rotation":[54,0,-29],"translation":[-2.5,5.75,3.25]},"ground":{"rotation":[45,0,0],"translation":[0,3.5,0]},"gui":{"rotation":[90,-45,90],"translation":[-1,-1,0],"scale":[1.9082,1.9082,1.9082]},"head":{"scale":[0,0,0]},"fixed":{"rotation":[90,-45,90],"translation":[-0.25,-0.5,-1.5],"scale":[2,2,2]}}}