{"credit":"MadebyPolygonMC","texture_size":[28,28],"textures":{"1":"thunderboltset:animation_3","2":"thunderboltset:shield","particle":"thunderboltset:animation_3"},"elements":[{"from":[9.5322,5.4678,9],"to":[10.5322,6.4678,10],"rotation":{"angle":-45,"axis":"z","origin":[8,8,8]},"faces":{"north":{"uv":[10.85714,3.42857,11.42857,4],"texture":"#2"},"east":{"uv":[4.57143,8.57143,5.14286,9.14286],"texture":"#2"},"south":{"uv":[6.28571,10.28571,6.85714,10.85714],"texture":"#2"},"west":{"uv":[1.14286,10.85714,1.71429,11.42857],"texture":"#2"},"up":{"uv":[11.42857,4.57143,10.85714,4],"rotation":90,"texture":"#2"},"down":{"uv":[5.14286,10.85714,4.57143,11.42857],"rotation":270,"texture":"#2"}}},{"from":[7.38,5.36603,8.88],"to":[8.62,5.98603,10.12],"rotation":{"angle":0,"axis":"x","origin":[8,8,8]},"faces":{"north":{"uv":[11.42857,0.57143,12.14286,0.85714],"texture":"#2"},"east":{"uv":[10.28571,10.85714,11,11.14286],"texture":"#2"},"south":{"uv":[0,11.42857,0.71429,11.71429],"texture":"#2"},"west":{"uv":[11.42857,0,12.14286,0.28571],"texture":"#2"},"up":{"uv":[11,0.71429,10.28571,0],"rotation":90,"texture":"#2"},"down":{"uv":[11,1.14286,10.28571,1.85714],"rotation":270,"texture":"#2"}}},{"from":[7.5,5.98603,9],"to":[8.5,7.98603,10],"rotation":{"angle":0,"axis":"y","origin":[8,8,8]},"faces":{"north":{"uv":[5.14286,9.71429,5.71429,10.85714],"texture":"#2"},"east":{"uv":[6.28571,9.14286,6.85714,10.28571],"texture":"#2"},"south":{"uv":[9.14286,8.57143,9.71429,9.71429],"texture":"#2"},"west":{"uv":[4.57143,9.71429,5.14286,10.85714],"texture":"#2"},"up":{"uv":[11.42857,5.14286,10.85714,4.57143],"rotation":90,"texture":"#2"},"down":{"uv":[5.71429,10.85714,5.14286,11.42857],"rotation":270,"texture":"#2"}}},{"from":[7.5,9.96603,9],"to":[8.5,11.96603,10],"rotation":{"angle":0,"axis":"y","origin":[8,8,8]},"faces":{"north":{"uv":[5.14286,10.85714,5.71429,9.71429],"texture":"#2"},"east":{"uv":[6.28571,10.28571,6.85714,9.14286],"texture":"#2"},"south":{"uv":[9.14286,9.71429,9.71429,8.57143],"texture":"#2"},"west":{"uv":[4.57143,10.85714,5.14286,9.71429],"texture":"#2"},"up":{"uv":[5.71429,11.42857,5.14286,10.85714],"rotation":90,"texture":"#2"},"down":{"uv":[11.42857,4.57143,10.85714,5.14286],"rotation":270,"texture":"#2"}}},{"from":[7.38,11.96603,8.88],"to":[8.62,12.58603,10.12],"rotation":{"angle":0,"axis":"x","origin":[8,8,8]},"faces":{"north":{"uv":[11.42857,0.85714,12.14286,0.57143],"texture":"#2"},"east":{"uv":[10.28571,11.14286,11,10.85714],"texture":"#2"},"south":{"uv":[0,11.71429,0.71429,11.42857],"texture":"#2"},"west":{"uv":[11.42857,0.28571,12.14286,0],"texture":"#2"},"up":{"uv":[11,1.85714,10.28571,1.14286],"rotation":90,"texture":"#2"},"down":{"uv":[11,0,10.28571,0.71429],"rotation":270,"texture":"#2"}}},{"from":[10.91252,10.91252,9],"to":[11.91252,11.91252,10],"rotation":{"angle":45,"axis":"z","origin":[8,8,8]},"faces":{"north":{"uv":[10.85714,4,11.42857,3.42857],"texture":"#2"},"east":{"uv":[4.57143,9.14286,5.14286,8.57143],"texture":"#2"},"south":{"uv":[6.28571,10.85714,6.85714,10.28571],"texture":"#2"},"west":{"uv":[1.14286,11.42857,1.71429,10.85714],"texture":"#2"},"up":{"uv":[5.14286,11.42857,4.57143,10.85714],"rotation":90,"texture":"#2"},"down":{"uv":[11.42857,4,10.85714,4.57143],"rotation":270,"texture":"#2"}}},{"from":[7.6,7.98603,9.1],"to":[8.4,9.98603,9.9],"rotation":{"angle":0,"axis":"y","origin":[8,8,8]},"faces":{"north":{"uv":[4,10.28571,4.42857,11.42857],"texture":"#2"},"east":{"uv":[10.28571,2.28571,10.71429,3.42857],"texture":"#2"},"south":{"uv":[2.85714,10.28571,3.28571,11.42857],"texture":"#2"},"west":{"uv":[3.42857,10.28571,3.85714,11.42857],"texture":"#2"},"up":{"uv":[5.57143,11.85714,5.14286,11.42857],"rotation":90,"texture":"#2"},"down":{"uv":[11.85714,7.42857,11.42857,7.85714],"rotation":270,"texture":"#2"}}},{"from":[6.44,13.23857,5.72],"to":[9.56,14.01857,7.28],"rotation":{"angle":0,"axis":"y","origin":[8,8,8]},"faces":{"north":{"uv":[9.14286,4,10.85714,4.42857],"texture":"#2"},"east":{"uv":[8,10.28571,8.85714,10.71429],"texture":"#2"},"south":{"uv":[9.14286,3.42857,10.85714,3.85714],"texture":"#2"},"west":{"uv":[10.28571,8.57143,11.14286,9],"texture":"#2"},"up":{"uv":[8.85714,1.71429,8,0],"rotation":90,"texture":"#2"},"down":{"uv":[8.85714,1.71429,8,3.42857],"rotation":270,"texture":"#2"}}},{"from":[11.44597,12.24282,5.72],"to":[14.26097,13.02282,7.28],"rotation":{"angle":22.5,"axis":"z","origin":[8,8,8]},"faces":{"north":{"uv":[9.14286,8,10.71429,8.42857],"texture":"#2"},"east":{"uv":[9.14286,10.28571,10,10.71429],"texture":"#2"},"south":{"uv":[9.14286,7.42857,10.71429,7.85714],"texture":"#2"},"west":{"uv":[10.28571,9.14286,11.14286,9.57143],"texture":"#2"},"up":{"uv":[8.85714,8.42857,8,6.85714],"rotation":90,"texture":"#2"},"down":{"uv":[0.85714,8.57143,0,10.14286],"rotation":270,"texture":"#2"}}},{"from":[11.8937,13.32376,5.72],"to":[14.2907,14.10376,7.28],"rotation":{"angle":22.5,"axis":"z","origin":[8,8,8]},"faces":{"north":{"uv":[0,10.28571,1.42857,10.71429],"texture":"#2"},"east":{"uv":[10.28571,10.28571,11.14286,10.71429],"texture":"#2"},"south":{"uv":[9.14286,9.71429,10.57143,10.14286],"texture":"#2"},"west":{"uv":[0,10.85714,0.85714,11.28571],"texture":"#2"},"up":{"uv":[2,10,1.14286,8.57143],"rotation":90,"texture":"#2"},"down":{"uv":[3.14286,8.57143,2.28571,10],"rotation":270,"texture":"#2"}}},{"from":[6.44,14.40857,5.72],"to":[9.56,15.18857,7.28],"rotation":{"angle":0,"axis":"y","origin":[8,8,8]},"faces":{"north":{"uv":[9.14286,4.57143,10.85714,5],"texture":"#2"},"east":{"uv":[10.85714,2.28571,11.71429,2.71429],"texture":"#2"},"south":{"uv":[4.57143,9.14286,6.28571,9.57143],"texture":"#2"},"west":{"uv":[10.85714,2.85714,11.71429,3.28571],"texture":"#2"},"up":{"uv":[8.85714,5.14286,8,3.42857],"rotation":90,"texture":"#2"},"down":{"uv":[8.85714,5.14286,8,6.85714],"rotation":270,"texture":"#2"}}},{"from":[6.596,14.01857,5.876],"to":[9.404,14.40857,7.124],"rotation":{"angle":0,"axis":"y","origin":[8,8,8]},"faces":{"north":{"uv":[10.28571,5.71429,11.85714,6],"texture":"#2"},"east":{"uv":[11.42857,1.14286,12.14286,1.42857],"texture":"#2"},"south":{"uv":[10.28571,5.14286,11.85714,5.42857],"texture":"#2"},"west":{"uv":[11.42857,1.71429,12.14286,2],"texture":"#2"},"up":{"uv":[4.14286,10.14286,3.42857,8.57143],"rotation":90,"texture":"#2"},"down":{"uv":[8.71429,8.57143,8,10.14286],"rotation":270,"texture":"#2"}}},{"from":[11.60033,13.02315,5.876],"to":[14.15633,13.41315,7.124],"rotation":{"angle":22.5,"axis":"z","origin":[8,8,8]},"faces":{"north":{"uv":[10.28571,6.85714,11.71429,7.14286],"texture":"#2"},"east":{"uv":[2.85714,11.42857,3.57143,11.71429],"texture":"#2"},"south":{"uv":[10.28571,6.28571,11.71429,6.57143],"texture":"#2"},"west":{"uv":[11.42857,3.42857,12.14286,3.71429],"texture":"#2"},"up":{"uv":[9.85714,1.42857,9.14286,0],"rotation":90,"texture":"#2"},"down":{"uv":[9.85714,1.71429,9.14286,3.14286],"rotation":270,"texture":"#2"}}},{"from":[9.76862,9.36863,6.2325],"to":[10.42862,10.68863,6.7675],"rotation":{"angle":22.5,"axis":"z","origin":[8,8,8]},"faces":{"north":{"uv":[8,10.85714,8.42857,11.57143],"texture":"#2"},"east":{"uv":[1.14286,11.42857,1.42857,12.14286],"texture":"#2"},"south":{"uv":[10.85714,7.42857,11.28571,8.14286],"texture":"#2"},"west":{"uv":[4,11.42857,4.28571,12.14286],"texture":"#2"},"up":{"uv":[0.28571,12.42857,0,12],"rotation":90,"texture":"#2"},"down":{"uv":[0.85714,12,0.57143,12.42857],"rotation":270,"texture":"#2"}}},{"from":[6.87,6.02453,6.3575],"to":[9.13,13.34453,6.6425],"rotation":{"angle":0,"axis":"x","origin":[8,8,8]},"faces":{"north":{"uv":[5.14286,4.57143,6.42857,8.71429],"texture":"#2"},"east":{"uv":[1.71429,10.28571,1.85714,14.42857],"texture":"#2"},"south":{"uv":[5.14286,0,6.42857,4.14286],"texture":"#2"},"west":{"uv":[2.28571,10.28571,2.42857,14.42857],"texture":"#2"},"up":{"uv":[11.57143,9.28571,11.42857,8],"rotation":90,"texture":"#2"},"down":{"uv":[9.85714,11.42857,9.71429,12.71429],"rotation":270,"texture":"#2"}}},{"from":[6.84431,12.37127,6.2325],"to":[7.50431,13.49127,6.7675],"rotation":{"angle":-22.5,"axis":"z","origin":[8,8,8]},"faces":{"north":{"uv":[10.85714,9.71429,11.28571,10.28571],"texture":"#2"},"east":{"uv":[11.42857,10.28571,11.71429,10.85714],"texture":"#2"},"south":{"uv":[9.71429,10.85714,10.14286,11.42857],"texture":"#2"},"west":{"uv":[10.85714,11.42857,11.14286,12],"texture":"#2"},"up":{"uv":[12.28571,2.71429,12,2.28571],"rotation":90,"texture":"#2"},"down":{"uv":[3.14286,12,2.85714,12.42857],"rotation":270,"texture":"#2"}}},{"from":[7.50431,12.81627,6.2325],"to":[8.16431,13.49127,6.7675],"rotation":{"angle":-22.5,"axis":"z","origin":[8,8,8]},"faces":{"north":{"uv":[10.28571,11.42857,10.71429,11.85714],"texture":"#2"},"east":{"uv":[12,2.85714,12.28571,3.28571],"texture":"#2"},"south":{"uv":[11.42857,9.71429,11.85714,10.14286],"texture":"#2"},"west":{"uv":[3.42857,12,3.71429,12.42857],"texture":"#2"},"up":{"uv":[12.28571,4.42857,12,4],"rotation":90,"texture":"#2"},"down":{"uv":[12.28571,4.57143,12,5],"rotation":270,"texture":"#2"}}},{"from":[8.6051,11.16079,6.2325],"to":[9.2651,12.48079,6.7675],"rotation":{"angle":0,"axis":"x","origin":[8,8,8]},"faces":{"north":{"uv":[9.14286,10.85714,9.57143,11.57143],"texture":"#2"},"east":{"uv":[11.42857,4,11.71429,4.71429],"texture":"#2"},"south":{"uv":[8.57143,10.85714,9,11.57143],"texture":"#2"},"west":{"uv":[4.57143,11.42857,4.85714,12.14286],"texture":"#2"},"up":{"uv":[5.42857,12.42857,5.14286,12],"rotation":90,"texture":"#2"},"down":{"uv":[12.28571,5.14286,12,5.57143],"rotation":270,"texture":"#2"}}},{"from":[5.80313,5.80313,6.35],"to":[7.40313,7.40313,6.65],"rotation":{"angle":45,"axis":"z","origin":[8,8,8]},"faces":{"north":{"uv":[9.14286,6.28571,10,7.14286],"texture":"#2"},"east":{"uv":[5.71429,12,5.85714,12.85714],"texture":"#2"},"south":{"uv":[9.14286,5.14286,10,6],"texture":"#2"},"west":{"uv":[12,5.71429,12.14286,6.57143],"texture":"#2"},"up":{"uv":[6.42857,12.85714,6.28571,12],"rotation":90,"texture":"#2"},"down":{"uv":[12.14286,6.85714,12,7.71429],"rotation":270,"texture":"#2"}}},{"from":[10.7,1.12603,6.25],"to":[11.7,14.12603,6.75],"rotation":{"angle":0,"axis":"y","origin":[8,8,8]},"faces":{"north":{"uv":[7.42857,0,8,7.42857],"texture":"#2"},"east":{"uv":[6.85714,7.42857,7.14286,14.85714],"texture":"#2"},"south":{"uv":[8,0,7.42857,7.42857],"texture":"#2"},"west":{"uv":[7.42857,7.42857,7.71429,14.85714],"texture":"#2"},"up":{"uv":[11.71429,11.42857,11.42857,10.85714],"rotation":90,"texture":"#2"}}},{"from":[14.47693,3.75566,6.25],"to":[15.47693,5.75566,6.75],"rotation":{"angle":-45,"axis":"z","origin":[8,8,8]},"faces":{"north":{"uv":[9.71429,8.57143,10.28571,9.71429],"texture":"#2"},"east":{"uv":[5.71429,10.85714,6,12],"texture":"#2"},"south":{"uv":[10.28571,8.57143,9.71429,9.71429],"texture":"#2"},"west":{"uv":[6.28571,10.85714,6.57143,12],"texture":"#2"},"down":{"uv":[11.71429,11.42857,11.42857,12],"rotation":270,"texture":"#2"}}},{"from":[4.5,-0.37397,6.5],"to":[11.5,14.62603,6.5],"rotation":{"angle":0,"axis":"y","origin":[8,8,8]},"faces":{"north":{"uv":[0,0,4,8.57143],"texture":"#2"},"east":{"uv":[0,0,0,8.57143],"texture":"#2"},"south":{"uv":[4,0,0,8.57143],"texture":"#2"},"west":{"uv":[0,0,0,8.57143],"texture":"#2"},"up":{"uv":[0,4,0,0],"rotation":90,"texture":"#2"},"down":{"uv":[0,0,0,4],"rotation":270,"texture":"#2"}}},{"from":[10.65955,-0.37397,5.27479],"to":[12.65955,14.62603,5.27479],"rotation":{"angle":-22.5,"axis":"y","origin":[8,8,8]},"faces":{"north":{"uv":[4,0,5.14286,8.57143],"texture":"#2"},"east":{"uv":[0,0,0,8.57143],"texture":"#2"},"south":{"uv":[5.14286,0,4,8.57143],"texture":"#2"},"west":{"uv":[0,0,0,8.57143],"texture":"#2"},"up":{"uv":[0,1.14286,0,0],"rotation":90,"texture":"#2"},"down":{"uv":[0,0,0,1.14286],"rotation":270,"texture":"#2"}}},{"from":[3.34045,-0.37397,5.27479],"to":[5.34045,14.62603,5.27479],"rotation":{"angle":22.5,"axis":"y","origin":[8,8,8]},"faces":{"north":{"uv":[5.14286,0,4,8.57143],"texture":"#2"},"east":{"uv":[0,0,0,8.57143],"texture":"#2"},"south":{"uv":[4,0,5.14286,8.57143],"texture":"#2"},"west":{"uv":[0,0,0,8.57143],"texture":"#2"},"up":{"uv":[0,0,0,1.14286],"rotation":90,"texture":"#2"},"down":{"uv":[0,1.14286,0,0],"rotation":270,"texture":"#2"}}},{"from":[7.83569,12.81627,6.2325],"to":[8.49569,13.49127,6.7675],"rotation":{"angle":22.5,"axis":"z","origin":[8,8,8]},"faces":{"north":{"uv":[10.71429,11.42857,10.28571,11.85714],"texture":"#2"},"east":{"uv":[3.71429,12,3.42857,12.42857],"texture":"#2"},"south":{"uv":[11.85714,9.71429,11.42857,10.14286],"texture":"#2"},"west":{"uv":[12.28571,2.85714,12,3.28571],"texture":"#2"},"up":{"uv":[12.28571,4,12,4.42857],"rotation":90,"texture":"#2"},"down":{"uv":[12.28571,5,12,4.57143],"rotation":270,"texture":"#2"}}},{"from":[6.7349,11.16079,6.2325],"to":[7.3949,12.48079,6.7675],"rotation":{"angle":0,"axis":"x","origin":[8,8,8]},"faces":{"north":{"uv":[9.57143,10.85714,9.14286,11.57143],"texture":"#2"},"east":{"uv":[4.85714,11.42857,4.57143,12.14286],"texture":"#2"},"south":{"uv":[9,10.85714,8.57143,11.57143],"texture":"#2"},"west":{"uv":[11.71429,4,11.42857,4.71429],"texture":"#2"},"up":{"uv":[5.42857,12,5.14286,12.42857],"rotation":90,"texture":"#2"},"down":{"uv":[12.28571,5.57143,12,5.14286],"rotation":270,"texture":"#2"}}},{"from":[8.49569,12.37127,6.2325],"to":[9.15569,13.49127,6.7675],"rotation":{"angle":22.5,"axis":"z","origin":[8,8,8]},"faces":{"north":{"uv":[11.28571,9.71429,10.85714,10.28571],"texture":"#2"},"east":{"uv":[11.14286,11.42857,10.85714,12],"texture":"#2"},"south":{"uv":[10.14286,10.85714,9.71429,11.42857],"texture":"#2"},"west":{"uv":[11.71429,10.28571,11.42857,10.85714],"texture":"#2"},"up":{"uv":[12.28571,2.28571,12,2.71429],"rotation":90,"texture":"#2"},"down":{"uv":[3.14286,12.42857,2.85714,12],"rotation":270,"texture":"#2"}}},{"from":[5.57138,9.36863,6.2325],"to":[6.23138,10.68863,6.7675],"rotation":{"angle":-22.5,"axis":"z","origin":[8,8,8]},"faces":{"north":{"uv":[8.42857,10.85714,8,11.57143],"texture":"#2"},"east":{"uv":[4.28571,11.42857,4,12.14286],"texture":"#2"},"south":{"uv":[11.28571,7.42857,10.85714,8.14286],"texture":"#2"},"west":{"uv":[1.42857,11.42857,1.14286,12.14286],"texture":"#2"},"up":{"uv":[0.28571,12,0,12.42857],"rotation":90,"texture":"#2"},"down":{"uv":[0.85714,12.42857,0.57143,12],"rotation":270,"texture":"#2"}}},{"from":[1.73903,12.24282,5.72],"to":[4.55403,13.02282,7.28],"rotation":{"angle":-22.5,"axis":"z","origin":[8,8,8]},"faces":{"north":{"uv":[10.71429,8,9.14286,8.42857],"texture":"#2"},"east":{"uv":[11.14286,9.14286,10.28571,9.57143],"texture":"#2"},"south":{"uv":[10.71429,7.42857,9.14286,7.85714],"texture":"#2"},"west":{"uv":[10,10.28571,9.14286,10.71429],"texture":"#2"},"up":{"uv":[8.85714,6.85714,8,8.42857],"rotation":90,"texture":"#2"},"down":{"uv":[0.85714,10.14286,0,8.57143],"rotation":270,"texture":"#2"}}},{"from":[1.84367,13.02315,5.876],"to":[4.39967,13.41315,7.124],"rotation":{"angle":-22.5,"axis":"z","origin":[8,8,8]},"faces":{"north":{"uv":[11.71429,6.85714,10.28571,7.14286],"texture":"#2"},"east":{"uv":[12.14286,3.42857,11.42857,3.71429],"texture":"#2"},"south":{"uv":[11.71429,6.28571,10.28571,6.57143],"texture":"#2"},"west":{"uv":[3.57143,11.42857,2.85714,11.71429],"texture":"#2"},"up":{"uv":[9.85714,0,9.14286,1.42857],"rotation":90,"texture":"#2"},"down":{"uv":[9.85714,3.14286,9.14286,1.71429],"rotation":270,"texture":"#2"}}},{"from":[1.7093,13.32376,5.72],"to":[4.1063,14.10376,7.28],"rotation":{"angle":-22.5,"axis":"z","origin":[8,8,8]},"faces":{"north":{"uv":[1.42857,10.28571,0,10.71429],"texture":"#2"},"east":{"uv":[0.85714,10.85714,0,11.28571],"texture":"#2"},"south":{"uv":[10.57143,9.71429,9.14286,10.14286],"texture":"#2"},"west":{"uv":[11.14286,10.28571,10.28571,10.71429],"texture":"#2"},"up":{"uv":[2,8.57143,1.14286,10],"rotation":90,"texture":"#2"},"down":{"uv":[3.14286,10,2.28571,8.57143],"rotation":270,"texture":"#2"}}},{"from":[4.3,1.12603,6.25],"to":[5.3,14.12603,6.75],"rotation":{"angle":0,"axis":"y","origin":[8,8,8]},"faces":{"north":{"uv":[8,0,7.42857,7.42857],"texture":"#2"},"east":{"uv":[7.71429,7.42857,7.42857,14.85714],"texture":"#2"},"south":{"uv":[7.42857,0,8,7.42857],"texture":"#2"},"west":{"uv":[7.14286,7.42857,6.85714,14.85714],"texture":"#2"},"up":{"uv":[11.71429,10.85714,11.42857,11.42857],"rotation":90,"texture":"#2"}}},{"from":[0.52307,3.75566,6.25],"to":[1.52307,5.75566,6.75],"rotation":{"angle":45,"axis":"z","origin":[8,8,8]},"faces":{"north":{"uv":[10.28571,8.57143,9.71429,9.71429],"texture":"#2"},"east":{"uv":[6.57143,10.85714,6.28571,12],"texture":"#2"},"south":{"uv":[9.71429,8.57143,10.28571,9.71429],"texture":"#2"},"west":{"uv":[6,10.85714,5.71429,12],"texture":"#2"},"down":{"uv":[11.71429,12,11.42857,11.42857],"rotation":270,"texture":"#2"}}},{"from":[5.5,4,6],"to":[10.5,13,6],"rotation":{"angle":0,"axis":"z","origin":[8,8.5,6]},"faces":{"north":{"uv":[0,0,6.66667,12],"rotation":180,"texture":"#1"},"east":{"uv":[0,0,0,12],"rotation":180,"texture":"#1"},"west":{"uv":[0,0,0,12],"rotation":180,"texture":"#1"},"up":{"uv":[0,0,0,6.66667],"rotation":90,"texture":"#1"},"down":{"uv":[0,6.66667,0,0],"rotation":270,"texture":"#1"}}}],"gui_light":"front","display":{"thirdperson_righthand":{"rotation":[0,-90,0],"translation":[2,-2.75,0.5]},"thirdperson_lefthand":{"rotation":[0,-90,0],"translation":[2,-2.75,0.5]},"firstperson_righthand":{"rotation":[0,0,20],"translation":[-1.75,0.75,4]},"firstperson_lefthand":{"rotation":[0,0,20],"translation":[-1.75,0.75,4]},"ground":{"rotation":[40,0,0],"translation":[0,4.5,0]},"gui":{"rotation":[0,180,45],"translation":[0.25,0.25,0],"scale":[0.98633,0.98633,0.98633]},"head":{"scale":[0,0,0]},"fixed":{"translation":[0,-1.75,-3.5],"scale":[2,2,2]}}}