{"credit":"MadebyPolygonMC","texture_size":[12,12],"textures":{"0":"thunderboltset:spear","1":"thunderboltset:animation_3","particle":"thunderboltset:animation_3"},"elements":[{"from":[7.5,0,7.5],"to":[8.5,1,8.5],"rotation":{"angle":-45,"axis":"x","origin":[8,0.5,8]},"faces":{"north":{"uv":[9.6,8.8,10.4,9.6],"texture":"#0"},"east":{"uv":[3.2,13.6,4,14.4],"texture":"#0"},"south":{"uv":[4,13.6,4.8,14.4],"texture":"#0"},"west":{"uv":[13.6,4,14.4,4.8],"texture":"#0"},"up":{"uv":[5.6,14.4,4.8,13.6],"texture":"#0"},"down":{"uv":[14.4,4.8,13.6,5.6],"texture":"#0"}}},{"from":[7.38,0.74,7.38],"to":[8.62,1.36,8.62],"rotation":{"angle":0,"axis":"x","origin":[8,1.36,8]},"faces":{"north":{"uv":[0.8,14.4,1.8,14.8],"texture":"#0"},"east":{"uv":[2.4,14.4,3.4,14.8],"texture":"#0"},"south":{"uv":[14.4,3.2,15.4,3.6],"texture":"#0"},"west":{"uv":[4,14.4,5,14.8],"texture":"#0"},"up":{"uv":[5,13,4,12],"texture":"#0"},"down":{"uv":[13,4,12,5],"texture":"#0"}}},{"from":[7.5,1.36,7.5],"to":[8.5,3.36,8.5],"rotation":{"angle":0,"axis":"y","origin":[6.88,-5.28,6.88]},"faces":{"north":{"uv":[4.8,7.2,5.6,8.8],"texture":"#0"},"east":{"uv":[8.8,11.2,9.6,12.8],"texture":"#0"},"south":{"uv":[9.6,11.2,10.4,12.8],"texture":"#0"},"west":{"uv":[10.4,11.2,11.2,12.8],"texture":"#0"},"up":{"uv":[6.4,14.4,5.6,13.6],"texture":"#0"},"down":{"uv":[7.2,13.6,6.4,14.4],"texture":"#0"}}},{"from":[7.5,5.36,7.5],"to":[8.5,7.36,8.5],"rotation":{"angle":0,"axis":"y","origin":[6.88,-1.28,6.88]},"faces":{"north":{"uv":[11.2,11.2,12,12.8],"texture":"#0"},"east":{"uv":[0,12,0.8,13.6],"texture":"#0"},"south":{"uv":[12,0,12.8,1.6],"texture":"#0"},"west":{"uv":[0.8,12,1.6,13.6],"texture":"#0"},"up":{"uv":[8,14.4,7.2,13.6],"texture":"#0"},"down":{"uv":[14.4,7.2,13.6,8],"texture":"#0"}}},{"from":[7.6,3.36,7.6],"to":[8.4,5.36,8.4],"rotation":{"angle":0,"axis":"y","origin":[6.88,-3.28,6.88]},"faces":{"north":{"uv":[12,8.8,12.6,10.4],"texture":"#0"},"east":{"uv":[12,11.2,12.6,12.8],"texture":"#0"},"south":{"uv":[12.8,0,13.4,1.6],"texture":"#0"},"west":{"uv":[12.8,1.6,13.4,3.2],"texture":"#0"},"up":{"uv":[7.8,15,7.2,14.4],"texture":"#0"},"down":{"uv":[15,7.2,14.4,7.8],"texture":"#0"}}},{"from":[7.4,7,7],"to":[8.6,9,9],"rotation":{"angle":-45,"axis":"x","origin":[8,8,8]},"faces":{"north":{"uv":[1.6,9.6,2.6,11.2],"texture":"#0"},"east":{"uv":[7.2,3.2,8.8,4.8],"texture":"#0"},"south":{"uv":[3.2,9.6,4.2,11.2],"texture":"#0"},"west":{"uv":[7.2,4.8,8.8,6.4],"texture":"#0"},"up":{"uv":[10.6,8.8,9.6,7.2],"texture":"#0"},"down":{"uv":[9.8,9.6,8.8,11.2],"texture":"#0"}}},{"from":[7.3,7.2,7.2],"to":[8.7,8.8,8.8],"rotation":{"angle":45,"axis":"x","origin":[8,8,8]},"faces":{"north":{"uv":[0,10.4,1.2,11.6],"texture":"#0"},"east":{"uv":[10.4,0,11.6,1.2],"texture":"#0"},"south":{"uv":[10.4,1.6,11.6,2.8],"texture":"#0"},"west":{"uv":[10.4,3.2,11.6,4.4],"texture":"#0"},"up":{"uv":[11.6,6,10.4,4.8],"texture":"#0"},"down":{"uv":[11.6,8.8,10.4,10],"texture":"#0"}}},{"from":[7.22,19.09633,6.44],"to":[8.78,19.87633,9.56],"rotation":{"angle":0,"axis":"y","origin":[7.22,12.93433,3.866]},"faces":{"north":{"uv":[12,12.8,13.2,13.4],"texture":"#0"},"east":{"uv":[10.4,6.4,12.8,7],"texture":"#0"},"south":{"uv":[12.8,12,14,12.6],"texture":"#0"},"west":{"uv":[10.4,10.4,12.8,11],"texture":"#0"},"up":{"uv":[5.2,2.4,4,0],"texture":"#0"},"down":{"uv":[5.2,2.4,4,4.8],"texture":"#0"}}},{"from":[7.22,19.66363,3.89299],"to":[8.78,20.44363,6.70799],"rotation":{"angle":22.5,"axis":"x","origin":[8,20.05363,5.14799]},"faces":{"north":{"uv":[0,13.6,1.2,14.2],"texture":"#0"},"east":{"uv":[6.4,11.2,8.6,11.8],"texture":"#0"},"south":{"uv":[13.6,0,14.8,0.6],"texture":"#0"},"west":{"uv":[11.2,7.2,13.4,7.8],"texture":"#0"},"up":{"uv":[2.8,9.4,1.6,7.2],"texture":"#0"},"down":{"uv":[4.4,7.2,3.2,9.4],"texture":"#0"}}},{"from":[7.22,20.95237,3.71401],"to":[8.78,21.73237,6.11101],"rotation":{"angle":22.5,"axis":"x","origin":[8,19.78237,4.55101]},"faces":{"north":{"uv":[13.6,0.8,14.8,1.4],"texture":"#0"},"east":{"uv":[11.2,8,13.2,8.6],"texture":"#0"},"south":{"uv":[1.6,13.6,2.8,14.2],"texture":"#0"},"west":{"uv":[12,3.2,14,3.8],"texture":"#0"},"up":{"uv":[8.4,8.4,7.2,6.4],"texture":"#0"},"down":{"uv":[10,0,8.8,2],"texture":"#0"}}},{"from":[7.22,20.26633,6.44],"to":[8.78,21.04633,9.56],"rotation":{"angle":0,"axis":"y","origin":[7.22,12.93433,3.866]},"faces":{"north":{"uv":[13.6,1.6,14.8,2.2],"texture":"#0"},"east":{"uv":[1.6,11.2,4,11.8],"texture":"#0"},"south":{"uv":[13.6,2.4,14.8,3],"texture":"#0"},"west":{"uv":[4,11.2,6.4,11.8],"texture":"#0"},"up":{"uv":[5.2,7.2,4,4.8],"texture":"#0"},"down":{"uv":[6.8,0,5.6,2.4],"texture":"#0"}}},{"from":[7.376,19.87633,6.596],"to":[8.624,20.26633,9.404],"rotation":{"angle":0,"axis":"y","origin":[7.22,12.93433,3.866]},"faces":{"north":{"uv":[14.4,4,15.4,4.4],"texture":"#0"},"east":{"uv":[12,5.6,14.2,6],"texture":"#0"},"south":{"uv":[14.4,4.8,15.4,5.2],"texture":"#0"},"west":{"uv":[12.8,6.4,15,6.8],"texture":"#0"},"up":{"uv":[9.8,4.6,8.8,2.4],"texture":"#0"},"down":{"uv":[5.8,8.8,4.8,11],"texture":"#0"}}},{"from":[7.376,20.39877,4.2215],"to":[8.624,20.78877,6.7775],"rotation":{"angle":22.5,"axis":"x","origin":[8,20.59377,5.3735]},"faces":{"north":{"uv":[5.6,14.4,6.6,14.8],"texture":"#0"},"east":{"uv":[9.6,12.8,11.6,13.2],"texture":"#0"},"south":{"uv":[14.4,5.6,15.4,6],"texture":"#0"},"west":{"uv":[12.8,11.2,14.8,11.6],"texture":"#0"},"up":{"uv":[9.8,6.8,8.8,4.8],"texture":"#0"},"down":{"uv":[7.4,8.8,6.4,10.8],"texture":"#0"}}},{"from":[7.22,20.95237,9.88899],"to":[8.78,21.73237,12.28599],"rotation":{"angle":-22.5,"axis":"x","origin":[8,19.78237,11.44899]},"faces":{"north":{"uv":[2.8,13.6,1.6,14.2],"texture":"#0"},"east":{"uv":[13.2,8,11.2,8.6],"texture":"#0"},"south":{"uv":[14.8,0.8,13.6,1.4],"texture":"#0"},"west":{"uv":[14,3.2,12,3.8],"texture":"#0"},"up":{"uv":[8.4,6.4,7.2,8.4],"texture":"#0"},"down":{"uv":[10,2,8.8,0],"texture":"#0"}}},{"from":[7.376,20.39877,9.2225],"to":[8.624,20.78877,11.7785],"rotation":{"angle":-22.5,"axis":"x","origin":[8,20.59377,10.6265]},"faces":{"north":{"uv":[15.4,5.6,14.4,6],"texture":"#0"},"east":{"uv":[11.6,12.8,9.6,13.2],"texture":"#0"},"south":{"uv":[6.6,14.4,5.6,14.8],"texture":"#0"},"west":{"uv":[14.8,11.2,12.8,11.6],"texture":"#0"},"up":{"uv":[9.8,4.8,8.8,6.8],"texture":"#0"},"down":{"uv":[7.4,10.8,6.4,8.8],"texture":"#0"}}},{"from":[7.22,19.66363,9.29201],"to":[8.78,20.44363,12.10701],"rotation":{"angle":-22.5,"axis":"x","origin":[8,20.05363,10.85201]},"faces":{"north":{"uv":[14.8,0,13.6,0.6],"texture":"#0"},"east":{"uv":[8.6,11.2,6.4,11.8],"texture":"#0"},"south":{"uv":[1.2,13.6,0,14.2],"texture":"#0"},"west":{"uv":[13.4,7.2,11.2,7.8],"texture":"#0"},"up":{"uv":[2.8,7.2,1.6,9.4],"texture":"#0"},"down":{"uv":[4.4,9.4,3.2,7.2],"texture":"#0"}}},{"from":[7.5,8.9,7.5],"to":[8.5,9.9,8.5],"rotation":{"angle":0,"axis":"y","origin":[7.5,7,7.5]},"faces":{"north":{"uv":[8,13.6,8.8,14.4],"texture":"#0"},"east":{"uv":[13.6,8,14.4,8.8],"texture":"#0"},"south":{"uv":[13.6,8.8,14.4,9.6],"texture":"#0"},"west":{"uv":[9.6,13.6,10.4,14.4],"texture":"#0"},"up":{"uv":[0,0,0,0],"texture":"#0"},"down":{"uv":[0,0,0,0],"texture":"#0"}}},{"from":[7.5,13.5,7.5],"to":[8.5,14.5,8.5],"rotation":{"angle":0,"axis":"y","origin":[7.5,7,7.5]},"faces":{"north":{"uv":[13.6,9.6,14.4,10.4],"texture":"#0"},"east":{"uv":[10.4,13.6,11.2,14.4],"texture":"#0"},"south":{"uv":[13.6,10.4,14.4,11.2],"texture":"#0"},"west":{"uv":[11.2,13.6,12,14.4],"texture":"#0"},"up":{"uv":[0,0,0,0],"texture":"#0"},"down":{"uv":[0,0,0,0],"texture":"#0"}}},{"from":[7.5,18.1,7.5],"to":[8.5,19.1,8.5],"rotation":{"angle":0,"axis":"y","origin":[7.5,11.6,7.5]},"faces":{"north":{"uv":[13.6,9.6,14.4,10.4],"texture":"#0"},"east":{"uv":[10.4,13.6,11.2,14.4],"texture":"#0"},"south":{"uv":[13.6,10.4,14.4,11.2],"texture":"#0"},"west":{"uv":[11.2,13.6,12,14.4],"texture":"#0"},"up":{"uv":[0,0,0,0],"texture":"#0"},"down":{"uv":[0,0,0,0],"texture":"#0"}}},{"from":[7.4,9.9,7.4],"to":[8.6,13.5,8.6],"rotation":{"angle":0,"axis":"y","origin":[7.5,7,7.5]},"faces":{"north":{"uv":[5.6,2.4,6.6,5.2],"texture":"#0"},"east":{"uv":[5.6,5.6,6.6,8.4],"texture":"#0"},"south":{"uv":[0,7.2,1,10],"texture":"#0"},"west":{"uv":[7.2,0,8.2,2.8],"texture":"#0"},"up":{"uv":[6.6,13,5.6,12],"texture":"#0"},"down":{"uv":[8.2,12,7.2,13],"texture":"#0"}}},{"from":[7.4,14.5,7.4],"to":[8.6,18.1,8.6],"rotation":{"angle":0,"axis":"y","origin":[7.5,11.6,7.5]},"faces":{"north":{"uv":[5.6,2.4,6.6,5.2],"texture":"#0"},"east":{"uv":[5.6,5.6,6.6,8.4],"texture":"#0"},"south":{"uv":[0,7.2,1,10],"texture":"#0"},"west":{"uv":[7.2,0,8.2,2.8],"texture":"#0"},"up":{"uv":[6.6,13,5.6,12],"texture":"#0"},"down":{"uv":[8.2,12,7.2,13],"texture":"#0"}}},{"from":[7.75,21.13654,6.91209],"to":[8.25,23.13654,7.91209],"rotation":{"angle":22.5,"axis":"x","origin":[8.25,24.26508,6.71693]},"faces":{"north":{"uv":[12,13.6,12.4,15.2],"texture":"#0"},"east":{"uv":[1.6,12,2.4,13.6],"texture":"#0"},"south":{"uv":[12.8,13.6,13.2,15.2],"texture":"#0"},"west":{"uv":[12,1.6,12.8,3.2],"texture":"#0"},"up":{"uv":[0,0,0,0],"texture":"#0"},"down":{"uv":[0,0,0,0],"texture":"#0"}}},{"from":[7.75,25.39361,6.91209],"to":[8.25,27.39361,7.91209],"rotation":{"angle":-22.5,"axis":"x","origin":[8.25,24.26508,6.71693]},"faces":{"north":{"uv":[13.6,12.8,14,14.4],"texture":"#0"},"east":{"uv":[2.4,12,3.2,13.6],"texture":"#0"},"south":{"uv":[0,14.4,0.4,16],"texture":"#0"},"west":{"uv":[3.2,12,4,13.6],"texture":"#0"},"up":{"uv":[8.4,15.2,8,14.4],"texture":"#0"},"down":{"uv":[0,0,0,0],"texture":"#0"}}},{"from":[7.75,22.76508,6.38925],"to":[8.25,25.76508,7.38925],"rotation":{"angle":0,"axis":"x","origin":[8.25,24.26508,6.71693]},"faces":{"north":{"uv":[8.8,12.8,9.2,15.2],"texture":"#0"},"east":{"uv":[8.8,7.2,9.6,9.6],"texture":"#0"},"south":{"uv":[12.8,8.8,13.2,11.2],"texture":"#0"},"west":{"uv":[8,8.8,8.8,11.2],"texture":"#0"},"up":{"uv":[0,0,0,0],"texture":"#0"},"down":{"uv":[0,0,0,0],"texture":"#0"}}},{"from":[7.75,25.39361,8.08791],"to":[8.25,27.39361,9.08791],"rotation":{"angle":22.5,"axis":"x","origin":[8.25,24.26508,9.28307]},"faces":{"north":{"uv":[0.4,14.4,0,16],"texture":"#0"},"east":{"uv":[3.2,12,2.4,13.6],"texture":"#0"},"south":{"uv":[14,12.8,13.6,14.4],"texture":"#0"},"west":{"uv":[4,12,3.2,13.6],"texture":"#0"},"up":{"uv":[8.4,14.4,8,15.2],"texture":"#0"},"down":{"uv":[0,0,0,0],"texture":"#0"}}},{"from":[7.75,22.76508,8.61075],"to":[8.25,25.76508,9.61075],"rotation":{"angle":0,"axis":"x","origin":[8.25,24.26508,9.28307]},"faces":{"north":{"uv":[13.2,8.8,12.8,11.2],"texture":"#0"},"east":{"uv":[9.6,7.2,8.8,9.6],"texture":"#0"},"south":{"uv":[9.2,12.8,8.8,15.2],"texture":"#0"},"west":{"uv":[8.8,8.8,8,11.2],"texture":"#0"},"up":{"uv":[0,0,0,0],"texture":"#0"},"down":{"uv":[0,0,0,0],"texture":"#0"}}},{"from":[7.75,21.13654,8.08791],"to":[8.25,23.13654,9.08791],"rotation":{"angle":-22.5,"axis":"x","origin":[8.25,24.26508,9.28307]},"faces":{"north":{"uv":[13.2,13.6,12.8,15.2],"texture":"#0"},"east":{"uv":[2.4,12,1.6,13.6],"texture":"#0"},"south":{"uv":[12.4,13.6,12,15.2],"texture":"#0"},"west":{"uv":[12.8,1.6,12,3.2],"texture":"#0"},"up":{"uv":[0,0,0,0],"texture":"#0"},"down":{"uv":[0,0,0,0],"texture":"#0"}}},{"from":[8,21,5.85],"to":[8,30,10.15],"rotation":{"angle":0,"axis":"y","origin":[8,21,5.85]},"faces":{"north":{"uv":[0,0,0,7.2],"texture":"#0"},"east":{"uv":[3.4,0,0,7.2],"texture":"#0"},"south":{"uv":[0,0,0,7.2],"texture":"#0"},"west":{"uv":[0,0,3.4,7.2],"texture":"#0"},"up":{"uv":[0,3.4,0,0],"texture":"#0"},"down":{"uv":[0,0,0,3.4],"texture":"#0"}}},{"from":[7.6,20.5,5.5],"to":[7.6,29.5,10.5],"rotation":{"angle":0,"axis":"y","origin":[7.6,20.5,5.5]},"faces":{"north":{"uv":[0,0,0,12],"texture":"#1"},"south":{"uv":[0,0,0,12],"texture":"#1"},"west":{"uv":[0,0,6.66667,12],"texture":"#1"},"up":{"uv":[0,6.66667,0,0],"texture":"#1"},"down":{"uv":[0,0,0,6.66667],"texture":"#1"}}},{"from":[8.4,20.5,5.5],"to":[8.4,29.5,10.5],"rotation":{"angle":0,"axis":"y","origin":[8.4,20.5,5.5]},"faces":{"north":{"uv":[0,0,0,12],"texture":"#1"},"east":{"uv":[6.66667,0,0,12],"texture":"#1"},"south":{"uv":[0,0,0,12],"texture":"#1"},"up":{"uv":[0,6.66667,0,0],"texture":"#1"},"down":{"uv":[0,0,0,6.66667],"texture":"#1"}}}],"gui_light":"front","display":{"thirdperson_righthand":{"translation":[0,-5.25,1.25]},"thirdperson_lefthand":{"translation":[0,-5.25,1.25]},"firstperson_righthand":{"rotation":[-15,0,0],"translation":[0,-3.75,3.25]},"firstperson_lefthand":{"rotation":[-15,0,0],"translation":[0,-3.75,3.25]},"ground":{"translation":[0,10.25,0]},"gui":{"rotation":[90,-135,90],"translation":[-4.25,-3.75,0],"scale":[0.82031,0.82031,0.82031]},"head":{"scale":[0,0,0]},"fixed":{"rotation":[0,-90,0],"translation":[0,-12.5,-1.5],"scale":[2,2,2]}}}